araTha,Reference (Garlic),103231,106536,LTR,Gypsy,Athila4_I,LTR,yes,0.9470659407138536
araTha,Reference (Garlic),118339,120275,DNA,NA,ATREP18,DNA,yes,0.34383066597831696
araTha,Reference (Garlic),300718,302422,LINE,L1,ATLINE1_11,LINE,yes,0.26627565982404694
araTha,Reference (Garlic),305737,306370,DNA,NA,ATREP18,DNA,yes,0.4305993690851735
araTha,Reference (Garlic),331130,332488,LTR,Gypsy,Athila4A_I,LTR,yes,0.21044885945548197
araTha,Reference (Garlic),392688,396168,DNA,NA,ATDNA12T3A,DNA,yes,0.3200229819017524
araTha,Reference (Garlic),437139,437699,LTR,Gypsy,Atlantys2_LTR,LTR,yes,0.9910873440285205
araTha,Reference (Garlic),462454,464610,LTR,Gypsy,Athila8ALTR,LTR,yes,0.253592953175707
araTha,Reference (Garlic),471116,475883,LTR,Gypsy,Athila4_LTR,LTR,yes,0.9788171140939598
araTha,Reference (Garlic),677215,679672,DNA,NA,ATREP18,DNA,yes,0.5374288039056143
araTha,Reference (Garlic),819946,821845,DNA,NA,ATREP18,DNA,yes,0.8589473684210527
araTha,Reference (Garlic),864789,865833,DNA,NA,ATREP18,DNA,yes,0.8057416267942584
araTha,Reference (Garlic),922892,924487,DNA,Helitron,ATREP4,RC,yes,0.12406015037593984
araTha,Reference (Garlic),926382,928500,DNA,Helitron,ATREP10A,RC,yes,0.37470504955167533
araTha,Reference (Garlic),932940,935278,DNA,Helitron,ATREP3,RC,yes,0.7524583155194527
araTha,Reference (Garlic),1019592,1023317,LTR,Gypsy,Athila4_I,LTR,yes,0.37869028448738595
araTha,Reference (Garlic),1127132,1128942,LTR,Gypsy,Athila4C_LTR,LTR,yes,0.3406957482054114
araTha,Reference (Garlic),1224681,1230094,LTR,Gypsy,Athila3_LTR,LTR,yes,0.6998522349464351
araTha,Reference (Garlic),1272755,1274570,DNA,Helitron,ATREP13,RC,yes,0.6305066079295154
araTha,Reference (Garlic),1282351,1284854,DNA,MULE-MuDR,ArnoldY2,DNA,yes,0.8746006389776357
araTha,Reference (Garlic),1289135,1297337,DNA,Helitron,Helitron4,RC,yes,0.025356576862123614
araTha,Reference (Garlic),1351303,1353108,DNA,NA,ATTIR16T3A,DNA,yes,0.7153931339977851
araTha,Reference (Garlic),1493849,1497391,DNA,NA,ATREP18,DNA,yes,0.7318656505786058
araTha,Reference (Garlic),1823236,1823794,DNA,NA,ATREP18,DNA,yes,0.45796064400715564
araTha,Reference (Garlic),1835088,1837219,DNA,NA,ATREP18,DNA,yes,0.3780487804878049
araTha,Reference (Garlic),1838189,1838473,DNA,hAT-Charlie,hAT-N4_ALy,DNA,yes,0.5263157894736842
araTha,Reference (Garlic),2062148,2067560,LTR,Copia,Copia-42_ALY-I,LTR,yes,0.18584888232033991
araTha,Reference (Garlic),2139291,2139642,DNA,hAT-Charlie,hAT-N4_ALy,DNA,yes,0.6164772727272727
araTha,Reference (Garlic),2280707,2281897,DNA,NA,ATREP18,DNA,yes,0.8026868178001679
araTha,Reference (Garlic),2330111,2331879,DNA,MULE-MuDR,ATDNA2T9C,DNA,yes,0.19446014697569247
araTha,Reference (Garlic),2341383,2346970,LTR,Gypsy,Athila4C_LTR,LTR,yes,0.9862204724409449
araTha,Reference (Garlic),2396933,2397446,LTR,Gypsy,Athila4_I,LTR,yes,0.20233463035019456
araTha,Reference (Garlic),2459259,2459668,DNA,NA,ATREP18,DNA,yes,0.6414634146341464
araTha,Reference (Garlic),2469326,2470610,DNA,NA,ATREP18,DNA,yes,0.16186770428015565
araTha,Reference (Garlic),2715995,2722112,LTR,Copia,ATCopia95_I,LTR,yes,0.7257273618829683
araTha,Reference (Garlic),2755967,2756372,DNA,NA,ATREP18,DNA,yes,0.7118226600985221
araTha,Reference (Garlic),2922371,2932767,LTR,Gypsy,Athila3_LTR,LTR,yes,0.8566894296431663
araTha,Reference (Garlic),2991967,2993870,DNA,Helitron,ATREP10D,RC,yes,0.7342436974789915
araTha,Reference (Garlic),3239358,3246130,DNA,CMC-EnSpm,EnSpm-6_ALy,DNA,yes,0.6477188838033368
araTha,Reference (Garlic),3254611,3256186,DNA,MULE-MuDR,ArnoldY2,DNA,yes,0.24746192893401014
araTha,Reference (Garlic),3437881,3439971,LTR,Gypsy,Athila8B_I,LTR,yes,0.22955523672883787
araTha,Reference (Garlic),3440695,3444439,LTR,Gypsy,Athila_LTR,LTR,yes,0.5997329773030707
araTha,Reference (Garlic),3465624,3478275,LTR,Gypsy,Athila3_LTR,LTR,yes,0.8747233638950364
araTha,Reference (Garlic),3485887,3488242,LINE,L1,ATLINE1_12,LINE,yes,0.3157894736842105
araTha,Reference (Garlic),3497356,3500639,DNA,NA,ATREP18,DNA,yes,0.7107186358099878
araTha,Reference (Garlic),3700651,3702229,LTR,Gypsy,Athila4A_I,LTR,yes,0.32045598480050663
araTha,Reference (Garlic),3787425,3788100,LTR,Copia,Copia-39_ALY-I,LTR,yes,0.5769230769230769
araTha,Reference (Garlic),3789582,3803892,LTR,Gypsy,Athila3_LTR,LTR,yes,0.888896652924324
araTha,Reference (Garlic),3821584,3824873,LTR,Gypsy,Athila4_I,LTR,yes,0.9106382978723404
araTha,Reference (Garlic),3828825,3830230,LTR,Gypsy,ATGP11_I,LTR,yes,0.12802275960170698
araTha,Reference (Garlic),3836563,3842269,LTR,Gypsy,Athila4A_I,LTR,yes,0.7459260557210443
araTha,Reference (Garlic),3955935,3957397,LTR,Gypsy,Athila4A_I,LTR,yes,0.31305536568694464
araTha,Reference (Garlic),3964221,3967867,LINE,L1,L1-7_ALy,LINE,yes,0.3180696462846175
araTha,Reference (Garlic),4250872,4253714,DNA,NA,ATREP18,DNA,yes,0.9120647203658108
araTha,Reference (Garlic),4277993,4281003,LTR,Gypsy,Athila0_I,LTR,yes,0.5938226502822982
araTha,Reference (Garlic),4305971,4314002,LTR,Gypsy,Athila4_I,LTR,yes,0.6196464143426295
araTha,Reference (Garlic),4511655,4512861,DNA,Helitron,HelitronY3,RC,yes,0.463960231980116
araTha,Reference (Garlic),4523542,4529318,LTR,Gypsy,Gypsy-31_ALY-I,LTR,yes,0.9726501644452138
araTha,Reference (Garlic),4540963,4542222,DNA,CMC-EnSpm,ATENSPM1,DNA,yes,0.5190476190476191
araTha,Reference (Garlic),4557274,4558020,DNA,Helitron,ATREP11,RC,yes,0.3668005354752343
araTha,Reference (Garlic),4559436,4560017,DNA,NA,ATREP18,DNA,yes,0.8144329896907216
araTha,Reference (Garlic),4561722,4564131,DNA,MULE-MuDR,MuDR-N9_ALy,DNA,yes,0.45643153526970953
araTha,Reference (Garlic),4665985,4667522,LTR,Gypsy,Athila4_I,LTR,yes,0.982444733420026
araTha,Reference (Garlic),4668632,4669151,LTR,Gypsy,ATGP11_I,LTR,yes,0.2403846153846154
araTha,Reference (Garlic),4761250,4763748,DNA,Helitron,ATREP10D,RC,yes,0.7975190076030412
araTha,Reference (Garlic),4776387,4777546,DNA,NA,ATREP18,DNA,yes,0.7603448275862069
araTha,Reference (Garlic),4783099,4784535,LTR,Gypsy,ATGP11_I,LTR,yes,0.14683368128044538
araTha,Reference (Garlic),4894721,4901295,LTR,Gypsy,Athila3_I,LTR,yes,0.4862357414448669
araTha,Reference (Garlic),4960336,4963350,DNA,MULE-MuDR,ArnoldY1,DNA,yes,0.8036484245439469
araTha,Reference (Garlic),5795487,5797407,LINE,L1,L1-16_ALy,LINE,yes,0.7319104633003644
araTha,Reference (Garlic),5969100,5969902,DNA,NA,ATREP18,DNA,yes,0.6537982565379825
araTha,Reference (Garlic),5989798,5991259,DNA,Helitron,ATREPX1,RC,yes,0.6853625170998632
araTha,Reference (Garlic),5997112,5997879,DNA,Helitron,ATREP11,RC,yes,0.3841145833333333
araTha,Reference (Garlic),6071685,6072525,DNA,NA,ATREP18,DNA,yes,0.4780023781212842
araTha,Reference (Garlic),6183740,6184259,LTR,Gypsy,ATGP11_I,LTR,yes,0.2403846153846154
araTha,Reference (Garlic),6184859,6189396,LINE,L1,L1-13_ALy,LINE,yes,0.5143234905244601
araTha,Reference (Garlic),6210410,6212854,LTR,Gypsy,Athila6A_LTR,LTR,yes,0.2748466257668712
araTha,Reference (Garlic),6385105,6385917,DNA,NA,ATREP18,DNA,yes,0.6986469864698647
araTha,Reference (Garlic),6410893,6418800,LTR,Gypsy,Athila4C_I,LTR,yes,0.8672230652503794
araTha,Reference (Garlic),6495728,6502052,LINE,L1,ATLINE1_10,LINE,yes,0.3402371541501976
araTha,Reference (Garlic),6519091,6522603,DNA,Helitron,ATREP4,RC,yes,0.9311130088243667
araTha,Reference (Garlic),6681095,6684690,LTR,Gypsy,Athila4C_LTR,LTR,yes,0.6679644048943271
araTha,Reference (Garlic),6897129,6899971,DNA,NA,ATREP18,DNA,yes,0.9120647203658108
araTha,Reference (Garlic),7076857,7095186,LTR,Gypsy,Gypsy-33_ALY-I,LTR,yes,0.4777414075286416
araTha,Reference (Garlic),7187104,7188568,DNA,Helitron,ATREP10D,RC,yes,0.9938566552901024
araTha,Reference (Garlic),7316647,7317173,LTR,Gypsy,Athila4C_I,LTR,yes,0.47438330170777987
araTha,Reference (Garlic),7339773,7340925,DNA,Helitron,ATREP11,RC,yes,0.20641803989592367
araTha,Reference (Garlic),7344871,7347213,DNA,MULE-MuDR,ATDNAI27T9A,DNA,yes,0.43149807938540335
araTha,Reference (Garlic),7587040,7587848,DNA,Helitron,ATREP10A,RC,yes,0.3362175525339926
araTha,Reference (Garlic),7732186,7747958,DNA,CMC-EnSpm,ATENSPM5,DNA,yes,0.6316490204780321
araTha,Reference (Garlic),7855955,7858451,DNA,Helitron,HelitronY1C,RC,yes,0.06207448938726472
araTha,Reference (Garlic),8124577,8128264,LTR,Copia,Copia-39_ALY-I,LTR,yes,0.9289587852494577
araTha,Reference (Garlic),8227238,8228403,DNA,Helitron,ATREPX1,RC,yes,0.30017152658662094
araTha,Reference (Garlic),8302135,8304034,DNA,PIF-Harbinger,HARB-N1_ALy,DNA,yes,0.2336842105263158
araTha,Reference (Garlic),8355965,8358502,DNA,Helitron,ATREP3,RC,yes,0.48817966903073284
araTha,Reference (Garlic),8638863,8639319,DNA,NA,ATREP18,DNA,yes,0.4989059080962801
araTha,Reference (Garlic),8729011,8730842,DNA,NA,ATREP18,DNA,yes,0.8793668122270742
araTha,Reference (Garlic),8800728,8801496,DNA,PIF-Harbinger,HARB-9_ALy,DNA,yes,0.7516254876462939
araTha,Reference (Garlic),8916652,8921325,LTR,Gypsy,Athila3_I,LTR,yes,0.7593068035943518
araTha,Reference (Garlic),9031346,9031911,DNA,Helitron,HelitronY3,RC,yes,0.6307420494699647
araTha,Reference (Garlic),9131501,9133111,DNA,Helitron,ATREP10A,RC,yes,0.6666666666666666
araTha,Reference (Garlic),9200883,9204705,LTR,Gypsy,Athila3_LTR,LTR,yes,0.5791263405702328
araTha,Reference (Garlic),9261387,9267263,LTR,Gypsy,Athila4_LTR,LTR,yes,0.7932618683001531
araTha,Reference (Garlic),9398764,9404404,LTR,Gypsy,Athila4_I,LTR,yes,0.44797021804644566
araTha,Reference (Garlic),9461309,9462105,DNA,Helitron,ATREP10A,RC,yes,0.5018820577164367
araTha,Reference (Garlic),9541524,9543305,DNA,Helitron,ATREP10A,RC,yes,0.5886644219977554
araTha,Reference (Garlic),9770683,9771247,DNA,NA,ATREP18,DNA,yes,0.5150442477876106
araTha,Reference (Garlic),9783333,9784773,DNA,NA,ATREP18,DNA,yes,0.29285218598195695
araTha,Reference (Garlic),9811705,9812952,DNA,MULE-MuDR,MuDR-N12_ALy,DNA,yes,0.14583333333333334
araTha,Reference (Garlic),9827553,9828962,LTR,Gypsy,Atlantys3_I,LTR,yes,0.06950354609929078
araTha,Reference (Garlic),9914122,9915722,DNA,NA,ATREP18,DNA,yes,0.3454091193004372
araTha,Reference (Garlic),9939341,9941313,DNA,NA,ATREP18,DNA,yes,0.8895083628991384
araTha,Reference (Garlic),10046496,10056103,DNA,MULE-MuDR,Vandal7,DNA,yes,0.5137385512073273
araTha,Reference (Garlic),10096444,10098177,DNA,NA,ATREP18,DNA,yes,0.9290657439446367
araTha,Reference (Garlic),10152180,10154063,DNA,MULE-MuDR,ArnoldY1,DNA,yes,0.08174097664543524
araTha,Reference (Garlic),10168853,10169883,LTR,Gypsy,Athila4A_LTR,LTR,yes,0.9844810863239574
araTha,Reference (Garlic),10181913,10185035,DNA,NA,ATREP18,DNA,yes,0.6215177713736791
araTha,Reference (Garlic),10321701,10323035,DNA,NA,ATREP18,DNA,yes,0.21647940074906366
araTha,Reference (Garlic),10399743,10400242,DNA,Helitron,ATREP10D,RC,yes,0.972
araTha,Reference (Garlic),10530195,10531168,DNA,Helitron,Helitron-N5_ALy,RC,yes,0.5687885010266941
araTha,Reference (Garlic),10697559,10700197,LINE,L1,ATLINE1_12,LINE,yes,0.10382720727548314
araTha,Reference (Garlic),10913145,10914123,DNA,Helitron,HelitronY1B,RC,yes,0.3738508682328907
araTha,Reference (Garlic),11019201,11019858,DNA,hAT-Ac,HATN5_ALy,DNA,yes,0.24924012158054712
araTha,Reference (Garlic),11063474,11065928,LINE,L1,ATLINE1_12,LINE,yes,0.03665987780040733
araTha,Reference (Garlic),11221467,11222931,DNA,NA,ATREP18,DNA,yes,0.2525597269624573
araTha,Reference (Garlic),11332977,11333421,DNA,NA,ATREP18,DNA,yes,0.4853932584269663
araTha,Reference (Garlic),11335170,11337568,LTR,Gypsy,Athila4A_I,LTR,yes,0.9253855773238849
araTha,Reference (Garlic),11488776,11489774,DNA,MULE-MuDR,MuDR-7_ALy,DNA,yes,0.6556556556556556
araTha,Reference (Garlic),11517738,11522805,LTR,Gypsy,Athila4B_LTR,LTR,yes,0.8283346487766378
araTha,Reference (Garlic),11557688,11558328,DNA,Helitron,Helitron-N5_ALy,RC,yes,0.48985959438377535
araTha,Reference (Garlic),11643896,11645516,DNA,PIF-Harbinger,HARB-N1_ALy,DNA,yes,0.2689697717458359
araTha,Reference (Garlic),11652632,11654772,DNA,Helitron,HelitronY1C,RC,yes,0.052312003736571695
araTha,Reference (Garlic),11729394,11730078,DNA,MULE-MuDR,MuDR-N5_ALy,DNA,yes,0.4408759124087591
araTha,Reference (Garlic),11758093,11759824,DNA,MULE-MuDR,MuDR-N9_ALy,DNA,yes,0.6714780600461894
araTha,Reference (Garlic),11793395,11794122,DNA,Helitron,ATREP10D,RC,yes,0.9752747252747253
araTha,Reference (Garlic),11878848,11879680,DNA,NA,ATREP18,DNA,yes,0.4729891956782713
araTha,Reference (Garlic),11945217,11945858,DNA,Helitron,Helitron-N5_ALy,RC,yes,0.49065420560747663
araTha,Reference (Garlic),12186051,12187699,LTR,Gypsy,Athila4A_LTR,LTR,yes,0.9981807155852032
araTha,Reference (Garlic),12226060,12233033,LTR,Gypsy,Athila_LTR,LTR,yes,0.7873530255233725
araTha,Reference (Garlic),12375811,12377133,DNA,MULE-MuDR,TNAT1A,DNA,yes,0.8450491307634165
araTha,Reference (Garlic),12667806,12670410,LTR,Copia,Copia-10_ALY-I,LTR,yes,0.946257197696737
araTha,Reference (Garlic),12701870,12702254,LTR,Gypsy,Athila4C_I,LTR,yes,0.2805194805194805
araTha,Reference (Garlic),12761292,12765688,LTR,Copia,ROMANIAT5,LTR,yes,0.8551284967022971
araTha,Reference (Garlic),12810053,12811104,DNA,Helitron,ATREP10D,RC,yes,0.5190114068441065
araTha,Reference (Garlic),12821288,12823168,DNA,NA,ATREP18,DNA,yes,0.9059011164274322
araTha,Reference (Garlic),12941897,12943045,DNA,MULE-MuDR,MuDR-N9_ALy,DNA,yes,0.504786771105309
araTha,Reference (Garlic),12982938,12984574,DNA,NA,ATREP18,DNA,yes,0.30849114233353697
araTha,Reference (Garlic),12997753,12999830,LTR,Gypsy,Athila4D_LTR,LTR,yes,0.42974013474494704
araTha,Reference (Garlic),13393371,13394678,DNA,MULE-MuDR,MuDR-N9_ALy,DNA,yes,0.6383792048929664
araTha,Reference (Garlic),13492626,13493740,DNA,Helitron,Helitron-3_ALy,RC,yes,0.2502242152466368
araTha,Reference (Garlic),13737568,13739382,DNA,NA,ATREP18,DNA,yes,0.47878787878787876
araTha,Reference (Garlic),13947511,13949418,DNA,NA,ATREP18,DNA,yes,0.8831236897274634
araTha,Reference (Garlic),14073286,14075030,DNA,NA,ATREP18,DNA,yes,0.929512893982808
araTha,Reference (Garlic),14099320,14102765,LTR,Gypsy,Athila4_I,LTR,yes,0.7359257109692396
araTha,Reference (Garlic),14247689,14251744,DNA,Helitron,HelitronY3,RC,yes,0.20611439842209073
araTha,Reference (Garlic),14257848,14259128,LTR,Gypsy,Athila4A_I,LTR,yes,0.9188134270101483
araTha,Reference (Garlic),14407005,14408286,LTR,Gypsy,Gypsy-33_ALY-LTR,LTR,yes,0.5912636505460218
araTha,Reference (Garlic),14481618,14483052,DNA,Helitron,ATREPX1,RC,yes,0.6794425087108014
araTha,Reference (Garlic),14646368,14648186,LTR,Gypsy,Athila8ALTR,LTR,yes,0.1148982957669049
araTha,Reference (Garlic),14859725,14861800,DNA,MULE-MuDR,MuDR-N5_ALy,DNA,yes,0.8155105973025049
araTha,Reference (Garlic),14984914,14986101,DNA,NA,ATREP18,DNA,yes,0.813973063973064
araTha,Reference (Garlic),14994914,14999422,LINE,L1,L1-13_ALy,LINE,yes,0.7498336660013307
araTha,Reference (Garlic),15065692,15066111,DNA,MULE-MuDR,MuDR-N9_ALy,DNA,yes,0.45714285714285713
araTha,Reference (Garlic),15133195,15133648,DNA,NA,ATREP18,DNA,yes,0.5
araTha,Reference (Garlic),15135422,15136787,DNA,NA,ATREP18,DNA,yes,0.21156661786237188
araTha,Reference (Garlic),15159884,15163069,DNA,Helitron,ATREP3,RC,yes,0.6032642812303829
araTha,Reference (Garlic),15219249,15222941,DNA,MULE-MuDR,ATMU12,DNA,yes,0.12835093419983754
araTha,Reference (Garlic),15267844,15269774,DNA,NA,ATREP18,DNA,yes,0.44174003107198345
araTha,Reference (Garlic),15287392,15288478,DNA,MULE-MuDR,TNAT1A,DNA,yes,0.48114075436982523
araTha,Reference (Garlic),15297040,15299413,LTR,Copia,META1_I,LTR,yes,0.6234203875315922
araTha,Reference (Garlic),15315664,15317636,DNA,NA,ATREP18,DNA,yes,0.8895083628991384
araTha,Reference (Garlic),15344202,15345257,DNA,NA,ATREP18,DNA,yes,0.8058712121212122
araTha,Reference (Garlic),15369203,15372017,LTR,Gypsy,Gypsy-33_ALY-LTR,LTR,yes,0.8078152753108349
araTha,Reference (Garlic),15397888,15398612,LTR,Gypsy,Atlantys2_LTR,LTR,yes,0.766896551724138
araTha,Reference (Garlic),15470621,15471132,DNA,hAT-Charlie,hAT-N4_ALy,DNA,yes,0.736328125
araTha,Reference (Garlic),15549300,15555327,LTR,Gypsy,Athila4A_I,LTR,yes,0.6021897810218978
araTha,Reference (Garlic),15587917,15594008,LTR,Gypsy,Athila4_I,LTR,yes,0.8035128036769534
araTha,Reference (Garlic),15601068,15603912,LTR,Gypsy,Athila8B_I,LTR,yes,0.40667838312829524
araTha,Reference (Garlic),15699768,15700860,LTR,Gypsy,Athila4A_I,LTR,yes,0.08325709057639524
araTha,Reference (Garlic),15721127,15723615,LTR,Gypsy,Athila4B_LTR,LTR,yes,0.5070309361189232
araTha,Reference (Garlic),15723683,15726947,LTR,Gypsy,Atlantys2_I,LTR,yes,0.1460949464012251
araTha,Reference (Garlic),15749031,15757362,LTR,Gypsy,Atlantys2_LTR,LTR,yes,0.9023043686989919
araTha,Reference (Garlic),15760201,15767293,LTR,Gypsy,Atlantys2_LTR,LTR,yes,0.8852389679966164
araTha,Reference (Garlic),15875847,15876171,DNA,NA,ATREP18,DNA,yes,0.64
araTha,Reference (Garlic),16121004,16123796,DNA,NA,ATREP18,DNA,yes,0.6011457214464734
araTha,Reference (Garlic),16149709,16157422,LTR,Gypsy,Athila4_I,LTR,yes,0.6258750324086078
araTha,Reference (Garlic),16235564,16236101,DNA,NA,ATREP18,DNA,yes,0.2936802973977695
araTha,Reference (Garlic),16492803,16493510,DNA,NA,ATREP18,DNA,yes,0.576271186440678
araTha,Reference (Garlic),16689969,16693769,LTR,Gypsy,Athila4C_LTR,LTR,yes,0.937911076032623
araTha,Reference (Garlic),16725683,16726599,DNA,NA,ATREP18,DNA,yes,0.7437295528898582
araTha,Reference (Garlic),16777692,16778973,LTR,Gypsy,Gypsy-33_ALY-LTR,LTR,yes,0.5912636505460218
araTha,Reference (Garlic),16945265,16945993,DNA,NA,ATREP18,DNA,yes,0.50480109739369
araTha,Reference (Garlic),17018249,17022780,DNA,Helitron,Helitron-N7C_ALy,RC,yes,0.9796999117387467
araTha,Reference (Garlic),17133927,17134457,DNA,NA,ATREP18,DNA,yes,0.7231638418079096
araTha,Reference (Garlic),17194964,17199210,LINE,L1,L1-13_ALy,LINE,yes,0.48104544384271253
araTha,Reference (Garlic),17200873,17202005,LTR,Gypsy,Athila3_LTR,LTR,yes,0.5851721094439541
araTha,Reference (Garlic),17202923,17210094,LTR,Gypsy,Athila_LTR,LTR,yes,0.7271332961517011
araTha,Reference (Garlic),17431843,17433262,LTR,Gypsy,Atlantys3_I,LTR,yes,0.07605633802816901
araTha,Reference (Garlic),17478341,17481638,LTR,Gypsy,Athila4D_LTR,LTR,yes,0.9451182534869618
araTha,Reference (Garlic),17508405,17509914,DNA,NA,ATREP18,DNA,yes,0.295364238410596
araTha,Reference (Garlic),17636969,17638260,DNA,MULE-MuDR,TNAT1A,DNA,yes,0.6222910216718266
araTha,Reference (Garlic),17722382,17724220,DNA,NA,ATREP18,DNA,yes,0.8820010875475802
araTha,Reference (Garlic),17767881,17769737,DNA,NA,ATREP18,DNA,yes,0.873451803984922
araTha,Reference (Garlic),17770739,17772570,DNA,NA,ATREP18,DNA,yes,0.8793668122270742
araTha,Reference (Garlic),17776904,17779952,DNA,NA,ATREP18,DNA,yes,0.6287307313873401
araTha,Reference (Garlic),17880612,17884217,LTR,Gypsy,Athila2_LTR,LTR,yes,0.5135884636716583
araTha,Reference (Garlic),18007430,18008334,DNA,NA,ATREP18,DNA,yes,0.6906077348066298
araTha,Reference (Garlic),18234057,18240100,LTR,Gypsy,Athila4B_LTR,LTR,yes,0.7903706154864328
araTha,Reference (Garlic),18250898,18255726,LTR,Gypsy,Athila4_LTR,LTR,yes,0.9643818595982605
araTha,Reference (Garlic),18425713,18431095,LTR,Gypsy,Athila4A_I,LTR,yes,0.6152702953743265
araTha,Reference (Garlic),18832926,18833837,DNA,Helitron,ATREP10D,RC,yes,0.45614035087719296
araTha,Reference (Garlic),18928533,18929131,DNA,MULE-MuDR,TNAT1A,DNA,yes,0.14023372287145242
araTha,Reference (Garlic),19260900,19261540,DNA,Helitron,Helitron-N5_ALy,RC,yes,0.48985959438377535
araTha,Reference (Garlic),19277897,19278554,LTR,Gypsy,Athila6A_LTR,LTR,yes,0.7659574468085106
araTha,Reference (Garlic),19305839,19307633,DNA,MULE-MuDR,ATDNA2T9C,DNA,yes,0.20612813370473537
araTha,Reference (Garlic),19356748,19357120,LTR,Gypsy,Athila4D_LTR,LTR,yes,0.514745308310992
araTha,Reference (Garlic),19425055,19428332,LINE,L1,L1-14_ALy,LINE,yes,0.38346552776082976
araTha,Reference (Garlic),19541904,19543093,DNA,CMC-EnSpm,ATENSPM1,DNA,yes,0.4907563025210084
araTha,Reference (Garlic),19719616,19720134,DNA,hAT-Charlie,hAT-N4_ALy,DNA,yes,0.7398843930635838
araTha,Reference (Garlic),20084758,20085184,LTR,Gypsy,Athila4C_I,LTR,yes,0.351288056206089
araTha,Reference (Garlic),20226328,20226834,DNA,MULE-MuDR,ArnoldY2,DNA,yes,0.9408284023668639
araTha,Reference (Garlic),20266872,20267904,DNA,MULE-MuDR,TNAT1A,DNA,yes,0.675701839303001
araTha,Reference (Garlic),20283569,20284346,DNA,MULE-MuDR,ArnoldY2,DNA,yes,0.9781491002570694
araTha,Reference (Garlic),20760641,20761124,DNA,NA,ATREP18,DNA,yes,0.43388429752066116
araTha,Reference (Garlic),20838655,20839443,DNA,PIF-Harbinger,HARB-N1_ALy,DNA,yes,0.3574144486692015
araTha,Reference (Garlic),21019840,21030923,LINE,L1,L1-3_ALy,LINE,yes,0.5310357271743052
araTha,Reference (Garlic),21132675,21133047,LTR,Gypsy,Athila4D_LTR,LTR,yes,0.514745308310992
araTha,Reference (Garlic),21147112,21148319,DNA,Helitron,ATREP11,RC,yes,0.24254966887417218
araTha,Reference (Garlic),21151987,21154348,DNA,NA,ATREP18,DNA,yes,0.5364098221845893
araTha,Reference (Garlic),21287706,21290859,DNA,NA,ATREP18,DNA,yes,0.634432466708941
araTha,Reference (Garlic),21327708,21331415,LTR,Gypsy,Gypsy-33_ALY-I,LTR,yes,0.395361380798274
araTha,Reference (Garlic),21427115,21428598,LTR,Gypsy,ATGP11_I,LTR,yes,0.1738544474393531
araTha,Reference (Garlic),21809303,21820729,DNA,MULE-MuDR,ArnoldY2,DNA,yes,0.9793471602345323
araTha,Reference (Garlic),21911502,21914747,DNA,CMC-EnSpm,EnSpm-N3_ALy,DNA,yes,0.5422057917436846
araTha,Reference (Garlic),22021902,22022402,DNA,NA,ATREP18,DNA,yes,0.4530938123752495
araTha,Reference (Garlic),22172459,22174361,DNA,MULE-MuDR,MuDR-N11_ALy,DNA,yes,0.7493431424067262
araTha,Reference (Garlic),22306144,22308121,DNA,MULE-MuDR,MuDR-N9_ALy,DNA,yes,0.7639029322548029
araTha,Reference (Garlic),22395130,22401654,LTR,Gypsy,Athila4_I,LTR,yes,0.5428352490421456
araTha,Reference (Garlic),22542261,22543623,DNA,NA,RP1_AT,DNA,yes,0.7989728539985327
araTha,Reference (Garlic),22574297,22576575,DNA,NA,ATREP18,DNA,yes,0.4567792891619131
araTha,Reference (Garlic),22646583,22647933,DNA,Helitron,ATREP10A,RC,yes,0.698741672834937
araTha,Reference (Garlic),22939832,22940755,DNA,Helitron,ATREP8,RC,yes,0.9274891774891775
araTha,Reference (Garlic),23091438,23092203,DNA,PIF-Harbinger,HARB-9_ALy,DNA,yes,0.7506527415143603
araTha,Reference (Garlic),23096954,23098444,DNA,NA,ATREP18,DNA,yes,0.8537894030851777
araTha,Reference (Garlic),23099027,23099570,DNA,MULE-MuDR,TNAT1A,DNA,yes,0.4209558823529412
araTha,Reference (Garlic),23114362,23116358,DNA,Helitron,ATREP3,RC,yes,0.47371056584877314
araTha,Reference (Garlic),23206776,23207262,DNA,NA,ATREP18,DNA,yes,0.7597535934291582
araTha,Reference (Garlic),23277634,23280755,LTR,Gypsy,Gypsy-30_ALY-I,LTR,yes,0.4964766175528507
araTha,Reference (Garlic),23281596,23289341,LTR,Gypsy,Athila4_I,LTR,yes,0.627420604182804
araTha,Reference (Garlic),23438449,23446298,LTR,Gypsy,Athila2_LTR,LTR,yes,0.7782165605095541
araTha,Reference (Garlic),23611964,23619497,LINE,L1,L1-9_ALy,LINE,yes,0.6209185027873639
araTha,Reference (Garlic),23705222,23709356,LTR,Gypsy,Gypsy-33_ALY-I,LTR,yes,0.4577992744860943
araTha,Reference (Garlic),23802865,23804928,DNA,NA,ATREP18,DNA,yes,0.9287790697674418
araTha,Reference (Garlic),23924376,23926196,DNA,NA,ATREP18,DNA,yes,0.8786381109280615
araTha,Reference (Garlic),24037165,24039463,LTR,Gypsy,Athila4D_LTR,LTR,yes,0.9852109612875163
araTha,Reference (Garlic),24105790,24107772,DNA,Helitron,ATREP5,RC,yes,0.26021180030257185
araTha,Reference (Garlic),24125464,24127762,DNA,NA,ATREP18,DNA,yes,0.5237059591126577
araTha,Reference (Garlic),24200868,24201588,DNA,NA,ATREP18,DNA,yes,0.5104022191400832
araTha,Reference (Garlic),24205541,24206697,DNA,NA,ATREP18,DNA,yes,0.7882454624027658
araTha,Reference (Garlic),24212569,24212999,LTR,Gypsy,Athila4D_LTR,LTR,yes,0.580046403712297
araTha,Reference (Garlic),24218259,24219967,LTR,Gypsy,Athila4A_LTR,LTR,yes,0.9409011117612639
araTha,Reference (Garlic),24242556,24243096,DNA,NA,ATREP18,DNA,yes,0.6524953789279113
araTha,Reference (Garlic),24440659,24444041,LTR,Gypsy,Gypsy-33_ALY-LTR,LTR,yes,0.843334318652084
araTha,Reference (Garlic),24514017,24515474,LTR,Gypsy,ATGP11_I,LTR,yes,0.15912208504801098
araTha,Reference (Garlic),24710328,24711130,DNA,NA,ATREP18,DNA,yes,0.7546699875466999
araTha,Reference (Garlic),24724868,24725368,DNA,NA,ATREP18,DNA,yes,0.7844311377245509
araTha,Reference (Garlic),24806768,24808104,DNA,NA,ATREP18,DNA,yes,0.15557217651458488
araTha,Reference (Garlic),24949303,24959032,LINE,L1,L1-13_ALy,LINE,yes,0.3799588900308325
araTha,Reference (Garlic),25192686,25193139,DNA,MULE-MuDR,ArnoldY2,DNA,yes,0.9977973568281938
araTha,Reference (Garlic),25354183,25355317,LTR,Copia,Copia-39_ALY-I,LTR,yes,0.7515418502202643
araTha,Reference (Garlic),25452768,25455480,LINE,L1,L1-16_ALy,LINE,yes,0.40619240692959824
araTha,Reference (Garlic),25530209,25534618,LTR,Copia,Copia-10_ALY-I,LTR,yes,0.8394557823129252
araTha,Reference (Garlic),25618996,25620016,DNA,NA,ATREP18,DNA,yes,0.8854064642507345
araTha,Reference (Garlic),25629892,25631263,DNA,MULE-MuDR,ATMU13,DNA,yes,0.40597667638483964
araTha,Reference (Garlic),25688602,25691340,DNA,NA,ATREP18,DNA,yes,0.8795180722891566
araTha,Reference (Garlic),25742136,25744869,DNA,NA,ATREP18,DNA,yes,0.5153621068032187
araTha,Reference (Garlic),25768562,25770182,DNA,NA,ATREP18,DNA,yes,0.8624305983960519
araTha,Reference (Garlic),25916637,25921140,LINE,L1,L1-6_ALy,LINE,yes,0.3228241563055062
araTha,Reference (Garlic),26102654,26104146,DNA,Helitron,Helitron-N4B_ALy,RC,yes,0.24313462826523777
araTha,Reference (Garlic),26201396,26203138,DNA,NA,ATREP18,DNA,yes,0.4652897303499713
araTha,Reference (Garlic),26341197,26342379,LTR,Gypsy,Athila4B_LTR,LTR,yes,0.6475063398140322
araTha,Reference (Garlic),26353019,26356304,DNA,MULE-MuDR,MuDR-5_ALy,DNA,yes,0.763542300669507
araTha,Reference (Garlic),26390188,26393570,LTR,Gypsy,Gypsy-33_ALY-LTR,LTR,yes,0.843334318652084
araTha,Reference (Garlic),26431702,26434256,DNA,Helitron,ATREP4,RC,yes,0.13463796477495107
araTha,Reference (Garlic),26516767,26517210,DNA,NA,ATREP18,DNA,yes,0.48873873873873874
araTha,Reference (Garlic),26610324,26611146,DNA,NA,ATREP18,DNA,yes,0.7023086269744836
araTha,Reference (Garlic),26750028,26752917,LTR,Gypsy,Athila4A_I,LTR,yes,0.670242214532872
araTha,Reference (Garlic),26785348,26786841,LTR,Copia,META1_I,LTR,yes,0.40160642570281124
araTha,Reference (Garlic),26976194,26976599,DNA,NA,ATREP18,DNA,yes,0.7118226600985221
araTha,Reference (Garlic),27091321,27094149,LTR,Gypsy,Athila8B_I,LTR,yes,0.4033227288794627
araTha,Reference (Garlic),27119246,27120875,DNA,CMC-EnSpm,ATENSPM1,DNA,yes,0.350920245398773
araTha,Reference (Garlic),27125095,27126847,DNA,NA,ATREP18,DNA,yes,0.8756417569880205
araTha,Reference (Garlic),27317050,27318297,DNA,MULE-MuDR,MuDR-N12_ALy,DNA,yes,0.14583333333333334
araTha,Reference (Garlic),27405686,27407905,DNA,Helitron,ATREP10D,RC,yes,0.7720720720720721
araTha,Reference (Garlic),27461975,27464455,DNA,NA,ATREP18,DNA,yes,0.3853284965739621
araTha,Reference (Garlic),27644309,27650064,DNA,Helitron,Helitron-N7C_ALy,RC,yes,0.7706740792216817
araTha,Reference (Garlic),27701339,27704275,LTR,Gypsy,ATGP10_I,LTR,yes,0.7579162410623085
araTha,Reference (Garlic),27799292,27801252,DNA,NA,ATREP18,DNA,yes,0.3625701172870984
araTha,Reference (Garlic),27920771,27925230,DNA,PIF-Harbinger,HARB-1_ALy,DNA,yes,0.6134529147982063
araTha,Reference (Garlic),28009099,28010015,LTR,Copia,ATCopia30_I,LTR,yes,0.742639040348964
araTha,Reference (Garlic),28069152,28070264,DNA,NA,ATREP18,DNA,yes,0.894878706199461
araTha,Reference (Garlic),28134090,28141061,DNA,Helitron,HelitronY3,RC,yes,0.25588066551921973
araTha,Reference (Garlic),28173990,28174644,DNA,MULE-MuDR,MuDR-N5_ALy,DNA,yes,0.4305343511450382
araTha,Reference (Garlic),28289546,28291636,DNA,MULE-MuDR,MuDR-5_ALy,DNA,yes,0.7862266857962698
araTha,Reference (Garlic),28457872,28459200,DNA,Helitron,ATREP10D,RC,yes,0.6192626034612491
araTha,Reference (Garlic),28549005,28550121,LTR,Gypsy,Athila4A_I,LTR,yes,0.1656222023276634
araTha,Reference (Garlic),28607424,28607771,DNA,hAT-Charlie,hAT-N4_ALy,DNA,yes,0.6120689655172413
araTha,Reference (Garlic),28616966,28617162,DNA,MULE-MuDR,ATDNAI27T9A,DNA,yes,0.8984771573604061
araTha,Reference (Garlic),28630098,28635548,LTR,Gypsy,Athila_LTR,LTR,yes,0.7279398275545771
araTha,Reference (Garlic),28797351,28818114,LTR,Gypsy,Athila2_LTR,LTR,yes,0.9621941822384897
araTha,Reference (Garlic),28851473,28855317,LTR,Gypsy,Gypsy-33_ALY-LTR,LTR,yes,0.8644993498049415
araTha,Reference (Garlic),28944250,28945279,LTR,Copia,Copia-39_ALY-I,LTR,yes,0.7184466019417476
araTha,Reference (Garlic),29069603,29072449,DNA,MULE-MuDR,MuDR-4_ALy,DNA,yes,0.3013698630136986
araTha,Reference (Garlic),29084678,29095710,LTR,Gypsy,ATHILA6C_I,LTR,yes,0.3716124354210097
araTha,Reference (Garlic),29194699,29195297,DNA,Helitron,ATREP11,RC,yes,0.21035058430717862
araTha,Reference (Garlic),29206133,29206661,DNA,NA,ATREP18,DNA,yes,0.5671077504725898
araTha,Reference (Garlic),29259079,29262908,LTR,Gypsy,Athila2_LTR,LTR,yes,0.5569190600522194
araTha,Reference (Garlic),29371627,29372492,DNA,NA,ATREP18,DNA,yes,0.6789838337182448
araTha,Reference (Garlic),29398239,29400037,DNA,NA,ATREP18,DNA,yes,0.3568649249583102
araTha,Reference (Garlic),29443650,29451259,DNA,MULE-MuDR,ArnoldY2,DNA,yes,0.8508541392904073
araTha,Reference (Garlic),29787380,29790892,DNA,Helitron,ATREP4,RC,yes,0.9311130088243667
araTha,Reference (Garlic),29952347,29954156,DNA,MULE-MuDR,MuDR-N9_ALy,DNA,yes,0.27624309392265195
araTha,Reference (Garlic),30028036,30030070,LTR,Copia,Copia-10_ALY-I,LTR,yes,0.9312039312039312
araTha,Reference (Garlic),30139231,30144739,LTR,Gypsy,ATHILA6C_I,LTR,yes,0.7110183336358685
araTha,Reference (Garlic),30280548,30280908,DNA,NA,ATREP18,DNA,yes,0.3656509695290859
araTha,Reference (Garlic),30325925,30327741,LTR,Gypsy,Athila4B_LTR,LTR,yes,0.8871766648321409
araTha,Reference (Garlic),30504209,30504849,DNA,Helitron,Helitron-N5_ALy,RC,yes,0.48985959438377535
araTha,Reference (Garlic),30527577,30530311,LTR,Gypsy,Athila4A_I,LTR,yes,0.6277879341864717
araTha,Reference (Garlic),30650733,30651308,DNA,NA,ATREP18,DNA,yes,0.5243055555555556
araTha,Reference (Garlic),30687972,30691389,DNA,Helitron,ATREP3,RC,yes,0.7027501462843768
araTha,Reference (Garlic),30723055,30728782,LTR,Gypsy,Athila4_I,LTR,yes,0.7224162011173184
araTha,Reference (Garlic),30794289,30794719,LTR,Gypsy,Athila4D_LTR,LTR,yes,0.580046403712297
araTha,Reference (Garlic),30897282,30900274,DNA,MULE-MuDR,ArnoldY2,DNA,yes,0.6077514199799532
araTha,Reference (Garlic),30922485,30923495,DNA,MULE-MuDR,ArnoldY2,DNA,yes,0.7675568743818002
araTha,Reference (Garlic),31051013,31053515,LINE,L1,L1-16_ALy,LINE,yes,0.5217738713543747
araTha,Reference (Garlic),31057897,31059147,LTR,Copia,Copia-74_ALY-LTR,LTR,yes,0.759392486011191
araTha,Reference (Garlic),31213055,31213543,LTR,Gypsy,Athila4D_LTR,LTR,yes,0.6298568507157464
araTha,Reference (Garlic),31469775,31470194,DNA,MULE-MuDR,MuDR-N9_ALy,DNA,yes,0.45714285714285713
araTha,Reference (Garlic),31636248,31637228,DNA,NA,ATREP18,DNA,yes,0.7930682976554536
araTha,Reference (Garlic),31731452,31733911,DNA,MULE-MuDR,ArnoldY2,DNA,yes,0.9930894308943089
araTha,Reference (Garlic),31799801,31802459,LTR,Gypsy,Athila4_I,LTR,yes,0.8277547950357277
araTha,Reference (Garlic),31843311,31845415,LTR,Gypsy,Athila8ALTR,LTR,yes,0.15866983372921614
araTha,Reference (Garlic),31942366,31942905,DNA,NA,ATREP18,DNA,yes,0.575925925925926
araTha,Reference (Garlic),32451496,32458878,LTR,Gypsy,ATHILA6C_I,LTR,yes,0.5646756061221726
araTha,Reference (Garlic),32482728,32483557,DNA,NA,ATREP18,DNA,yes,0.7433734939759036
araTha,Reference (Garlic),32565299,32569225,DNA,Helitron,ATREP4,RC,yes,0.4385026737967914
araTha,Reference (Garlic),32629468,32630579,DNA,Helitron,ATREPX1,RC,yes,0.7347122302158273
araTha,Reference (Garlic),32860332,32862619,LTR,Gypsy,Athila4D_LTR,LTR,yes,0.6333041958041958
araTha,Reference (Garlic),33140243,33140793,LTR,Gypsy,Athila4D_LTR,LTR,yes,0.9509981851179673
araTha,Reference (Garlic),33325644,33329171,DNA,Helitron,ATREP20,RC,yes,0.32596371882086167
araTha,Reference (Garlic),33403522,33404022,DNA,NA,ATREP18,DNA,yes,0.7844311377245509
araTha,Reference (Garlic),33415476,33417164,LTR,Gypsy,Athila4D_LTR,LTR,yes,0.9875666074600356
araTha,Reference (Garlic),33535545,33537854,LTR,Gypsy,ATGP8LTR,LTR,yes,0.6095238095238096
araTha,Reference (Garlic),33779820,33783364,DNA,NA,ATREP18,DNA,yes,0.9294781382228491
araTha,Reference (Garlic),34041005,34054983,DNA,Helitron,Helitron-5_ALy,RC,yes,0.019600829816152802
araTha,Reference (Garlic),34055028,34055444,DNA,NA,ATREP18,DNA,yes,0.4556354916067146
araTha,Reference (Garlic),34149175,34152136,LINE,L1,L1-7_ALy,LINE,yes,0.16036461850101283
araTha,Reference (Garlic),34356614,34357019,DNA,NA,ATREP18,DNA,yes,0.7118226600985221
araTha,Reference (Garlic),34431350,34433705,LTR,Gypsy,Athila3_LTR,LTR,yes,0.49575551782682514
araTha,Reference (Garlic),34437526,34465744,DNA,MULE-MuDR,Vandal3,DNA,yes,0.491052127998866
araTha,Reference (Garlic),34475910,34483083,LTR,Copia,Copia-28_ALY-I,LTR,yes,0.3804014496793978
araTha,Reference (Garlic),34610235,34614196,LTR,Gypsy,Gypsy-33_ALY-LTR,LTR,yes,0.8685007571933367
araTha,Reference (Garlic),34873818,34875321,LTR,Gypsy,Athila2_LTR,LTR,yes,0.9521276595744681
araTha,Reference (Garlic),35007917,35011479,DNA,NA,ATREP18,DNA,yes,0.9247824866685378
araTha,Reference (Garlic),35056641,35058787,DNA,Helitron,HelitronY1C,RC,yes,0.05496040987424313
araTha,Reference (Garlic),35082744,35089896,DNA,MULE-MuDR,ArnoldY1,DNA,yes,0.7178806095344611
araTha,Reference (Garlic),35096284,35099806,DNA,Helitron,ATREP4,RC,yes,0.37411297189894976
araTha,Reference (Garlic),35176402,35178209,LTR,Gypsy,Athila3_LTR,LTR,yes,0.7400442477876106
araTha,Reference (Garlic),35265646,35266652,DNA,Helitron,ATREP6,RC,yes,0.30685203574975173
araTha,Reference (Garlic),35367573,35368875,DNA,Helitron,HelitronY3,RC,yes,0.5034535686876439
araTha,Reference (Garlic),35432020,35433711,LTR,Copia,META1_I,LTR,yes,0.4716312056737589
araTha,Reference (Garlic),35489499,35489982,DNA,NA,ATREP18,DNA,yes,0.43388429752066116
araTha,Reference (Garlic),35523514,35548139,LTR,Gypsy,Athila6B_I,LTR,yes,0.780029237391375
araTha,Reference (Garlic),35588430,35590070,LTR,Gypsy,Athila4_LTR,LTR,yes,0.24680073126142596
araTha,Reference (Garlic),35713206,35714880,DNA,NA,ATREP18,DNA,yes,0.34626865671641793
araTha,Reference (Garlic),35843690,35854561,LTR,Gypsy,Athila3_I,LTR,yes,0.7330757910228108
araTha,Reference (Garlic),35865011,35866965,LTR,Gypsy,Gypsy-8_ALY-I,LTR,yes,0.04757033248081841
araTha,Reference (Garlic),35898586,35901199,LTR,Gypsy,Athila4D_LTR,LTR,yes,0.5248661055853099
araTha,Reference (Garlic),35976305,35977935,DNA,NA,ATREP18,DNA,yes,0.8663396689147762
araTha,Reference (Garlic),36032027,36033690,DNA,MULE-MuDR,Vandal3,DNA,yes,0.3467548076923077
araTha,Reference (Garlic),36075692,36076398,DNA,Helitron,ATREP8,RC,yes,0.9052333804809052
araTha,Reference (Garlic),36093400,36094427,DNA,MULE-MuDR,MuDR-7_ALy,DNA,yes,0.6653696498054474
araTha,Reference (Garlic),36131653,36132268,DNA,NA,ATREP18,DNA,yes,0.512987012987013
araTha,Reference (Garlic),36163570,36164335,DNA,PIF-Harbinger,HARB-9_ALy,DNA,yes,0.7506527415143603
araTha,Reference (Garlic),36316580,36318802,DNA,MULE-MuDR,ArnoldY2,DNA,yes,0.9226270805218174
araTha,Reference (Garlic),36435886,36436278,DNA,hAT-Charlie,hAT-N4_ALy,DNA,yes,0.6564885496183206
araTha,Reference (Garlic),36460153,36466030,LTR,Gypsy,Athila4A_I,LTR,yes,0.7533174549166383
araTha,Reference (Garlic),36514691,36519136,LTR,Gypsy,Athila0_I,LTR,yes,0.3148897885739991
araTha,Reference (Garlic),36676590,36677058,LTR,Gypsy,Athila4C_I,LTR,yes,0.4093816631130064
araTha,Reference (Garlic),36727762,36729476,DNA,NA,ATREP18,DNA,yes,0.37142857142857144
araTha,Reference (Garlic),36744976,36747504,DNA,MULE-MuDR,ATDNAI27T9A,DNA,yes,0.48675365757216293
araTha,Reference (Garlic),36768865,36770284,LTR,Gypsy,Atlantys3_I,LTR,yes,0.07605633802816901
araTha,Reference (Garlic),36778122,36780812,LTR,Gypsy,Athila3_LTR,LTR,yes,0.38127090301003347
araTha,Reference (Garlic),36839790,36843302,DNA,Helitron,ATREP4,RC,yes,0.9311130088243667
araTha,Reference (Garlic),36866701,36868243,DNA,NA,ATREP18,DNA,yes,0.36876215165262477
araTha,Reference (Garlic),37321575,37323181,DNA,NA,ATREP18,DNA,yes,0.35469819539514624
araTha,Reference (Garlic),37363834,37367884,LTR,Gypsy,Gypsy-33_ALY-I,LTR,yes,0.44655640582572204
araTha,Reference (Garlic),37509848,37511655,DNA,NA,ATREP18,DNA,yes,0.3600663716814159
araTha,Reference (Garlic),37571037,37572879,DNA,NA,ATREP18,DNA,yes,0.8800868149755833
araTha,Reference (Garlic),37653800,37655568,DNA,MULE-MuDR,ATDNA2T9C,DNA,yes,0.19446014697569247
araTha,Reference (Garlic),37659478,37662851,DNA,MULE-MuDR,Vandal21,DNA,yes,0.6911677534084173
araTha,Reference (Garlic),37719459,37719969,DNA,NA,ATREP18,DNA,yes,0.5518590998043053
araTha,Reference (Garlic),37721376,37724637,DNA,Helitron,ATREP5,RC,yes,0.5502759043531575
araTha,Reference (Garlic),37886871,37888464,DNA,NA,ATREP18,DNA,yes,0.3607277289836888
araTha,Reference (Garlic),38055961,38056522,DNA,NA,ATREP18,DNA,yes,0.5142348754448398
araTha,Reference (Garlic),38059168,38067525,LTR,Gypsy,ATGP10_I,LTR,yes,0.2932519741564968
araTha,Reference (Garlic),38097061,38099875,LTR,Gypsy,Gypsy-33_ALY-LTR,LTR,yes,0.8078152753108349
araTha,Reference (Garlic),38172577,38181190,LTR,Gypsy,Athila4C_I,LTR,yes,0.5854423032273044
araTha,Reference (Garlic),38291961,38294759,DNA,NA,ATREP18,DNA,yes,0.6020007145409074
araTha,Reference (Garlic),38422249,38425616,LTR,Gypsy,Athila4B_LTR,LTR,yes,0.9423990498812351
araTha,Reference (Garlic),38626977,38628554,LTR,Gypsy,Athila3_LTR,LTR,yes,0.8783269961977186
araTha,Reference (Garlic),38724162,38725477,DNA,Helitron,Helitron-N4B_ALy,RC,yes,0.1413373860182371
araTha,Reference (Garlic),38744148,38745983,DNA,NA,ATREP18,DNA,yes,0.4684095860566449
araTha,Reference (Garlic),38958378,38961910,LTR,Gypsy,Athila4C_LTR,LTR,yes,0.6824228700820832
araTha,Reference (Garlic),39148421,39154617,LTR,Gypsy,Athila4A_I,LTR,yes,0.5746328868807488
araTha,Reference (Garlic),39201673,39203657,DNA,Helitron,ATREP10D,RC,yes,0.8443324937027707
araTha,Reference (Garlic),39237139,39240754,DNA,hAT-Ac,hAT-3_ALy,DNA,yes,0.8780420353982301
araTha,Reference (Garlic),39269713,39270157,DNA,NA,ATREP18,DNA,yes,0.4853932584269663
araTha,Reference (Garlic),39519188,39519718,DNA,NA,ATREP18,DNA,yes,0.568738229755179
araTha,Reference (Garlic),39655958,39657743,DNA,NA,ATREP18,DNA,yes,0.9081746920492721
araTha,Reference (Garlic),39722954,39723398,DNA,NA,ATREP18,DNA,yes,0.5775280898876405
araTha,Reference (Garlic),40185862,40186846,LTR,Copia,Copia-74_ALY-LTR,LTR,yes,0.6893401015228426
araTha,Reference (Garlic),40211948,40213285,LTR,Gypsy,Athila4_I,LTR,yes,0.07623318385650224
araTha,Reference (Garlic),40422167,40423350,DNA,NA,ATREP18,DNA,yes,0.816722972972973
araTha,Reference (Garlic),40558729,40563325,LTR,Gypsy,ATGP1-I,LTR,yes,0.626713073743746
araTha,Reference (Garlic),40703601,40704044,DNA,NA,ATREP18,DNA,yes,0.5765765765765766
araTha,Reference (Garlic),40751750,40753499,LTR,Copia,Copia-39_ALY-I,LTR,yes,0.8342857142857143
araTha,Reference (Garlic),40771380,40774360,LINE,L1,L1-7_ALy,LINE,yes,0.16571620261657163
araTha,Reference (Garlic),40818614,40820439,LTR,Gypsy,Athila4_I,LTR,yes,0.3702081051478642
araTha,Reference (Garlic),40839883,40840311,DNA,Helitron,Helitron-N4B_ALy,RC,yes,0.6666666666666666
araTha,Reference (Garlic),40865029,40865400,DNA,Helitron,HelitronY3,RC,yes,0.4381720430107527
araTha,Reference (Garlic),41002924,41005739,LTR,Gypsy,Athila_I,LTR,yes,0.34339488636363635
araTha,Reference (Garlic),41041814,41043066,LTR,Gypsy,Athila4A_I,LTR,yes,0.965682362330407
araTha,Reference (Garlic),41062743,41068873,LINE,L1,L1-13_ALy,LINE,yes,0.40417550154950255
araTha,Reference (Garlic),41287038,41297377,LTR,Copia,ROMANIAT5,LTR,yes,0.9417794970986461
araTha,Reference (Garlic),41386126,41387044,DNA,Helitron,HelitronY1B,RC,yes,0.33297062023939067
araTha,Reference (Garlic),41500347,41504140,LTR,Gypsy,Athila4A_I,LTR,yes,0.26647337901950446
araTha,Reference (Garlic),41525516,41528181,DNA,Helitron,ATREP5,RC,yes,0.33570892723180795
araTha,Reference (Garlic),41651158,41653056,DNA,NA,ATREP18,DNA,yes,0.37756714060031593
araTha,Reference (Garlic),41671529,41673105,DNA,NA,ATREP18,DNA,yes,0.8585922637920101
araTha,Reference (Garlic),41753148,41754727,DNA,NA,ATREP18,DNA,yes,0.2936708860759494
araTha,Reference (Garlic),41813622,41814985,DNA,MULE-MuDR,MuDR-N9_ALy,DNA,yes,0.6532258064516129
araTha,Reference (Garlic),41839833,41840617,DNA,Helitron,ATREP10A,RC,yes,0.4942675159235669
araTha,Reference (Garlic),41846095,41848107,DNA,Helitron,Helitron2,RC,yes,0.5151515151515151
araTha,Reference (Garlic),41869050,41869442,DNA,hAT-Charlie,hAT-N4_ALy,DNA,yes,0.48854961832061067
araTha,Reference (Garlic),41873175,41880896,LTR,Gypsy,Athila4B_LTR,LTR,yes,0.9531209531209531
araTha,Reference (Garlic),41927742,41929269,LTR,Gypsy,Gypsy-33_ALY-LTR,LTR,yes,0.6531413612565445
araTha,Reference (Garlic),42082310,42086480,LTR,Gypsy,Gypsy-33_ALY-I,LTR,yes,0.46247902181731
araTha,Reference (Garlic),42198081,42200003,DNA,MULE-MuDR,ATDNAI27T9A,DNA,yes,0.3250130005200208
araTha,Reference (Garlic),42308763,42309981,DNA,MULE-MuDR,TNAT1A,DNA,yes,0.5217391304347826
araTha,Reference (Garlic),42318281,42319804,DNA,NA,ATREP18,DNA,yes,0.3123359580052493
araTha,Reference (Garlic),42444830,42446166,DNA,NA,ATREP18,DNA,yes,0.15557217651458488
araTha,Reference (Garlic),42603767,42605488,DNA,Helitron,ATREP3,RC,yes,0.2613240418118467
araTha,Reference (Garlic),42707051,42707519,LTR,Gypsy,Athila4C_I,LTR,yes,0.4093816631130064
araTha,Reference (Garlic),43134614,43135293,LTR,Copia,Copia-39_ALY-I,LTR,yes,0.5735294117647058
araTha,Reference (Garlic),43200460,43201648,DNA,MULE-MuDR,MuDR-N12_ALy,DNA,yes,0.10344827586206896
araTha,Reference (Garlic),43247982,43248290,DNA,hAT-Charlie,hAT-N4_ALy,DNA,yes,0.5631067961165048
araTha,Reference (Garlic),43313300,43315102,DNA,NA,ATREP18,DNA,yes,0.34442595673876875
araTha,Reference (Garlic),43562625,43564485,DNA,NA,ATREP18,DNA,yes,0.3648576034390113
araTha,Reference (Garlic),43702463,43708768,DNA,MULE-MuDR,ArnoldY2,DNA,yes,0.8230256898192198
araTha,Reference (Garlic),43794141,43795322,DNA,Helitron,HelitronY1B,RC,yes,0.4813874788494078
araTha,Reference (Garlic),43922390,43925690,LTR,Gypsy,Athila6A_LTR,LTR,yes,0.46713117237200846
araTha,Reference (Garlic),44054134,44069479,LTR,Gypsy,Athila4C_LTR,LTR,yes,0.9223250358399583
araTha,Reference (Garlic),44104924,44106762,DNA,NA,ATREP18,DNA,yes,0.8820010875475802
araTha,Reference (Garlic),44306089,44308657,LTR,Copia,Copia-10_ALY-I,LTR,yes,0.9455040871934605
araTha,Reference (Garlic),44389623,44391513,DNA,NA,ATREP18,DNA,yes,0.3749338974087784
araTha,Reference (Garlic),44481947,44483837,LTR,Gypsy,Athila3_LTR,LTR,yes,0.088841882601798
araTha,Reference (Garlic),44484659,44487561,LTR,Gypsy,Athila2_LTR,LTR,yes,0.678608336203927
araTha,Reference (Garlic),44551186,44553520,LINE,L1,L1-16_ALy,LINE,yes,0.5224839400428265
araTha,Reference (Garlic),44573641,44575167,DNA,NA,ATREP18,DNA,yes,0.33398821218074654
araTha,Reference (Garlic),44682954,44685457,LTR,Gypsy,ATGP10_I,LTR,yes,0.7160543130990416
araTha,Reference (Garlic),44884294,44884991,LTR,Copia,ROMANIAT5,LTR,yes,0.13753581661891118
araTha,Reference (Garlic),44905297,44906055,DNA,NA,ATREP18,DNA,yes,0.5059288537549407
araTha,Reference (Garlic),45148772,45150628,DNA,NA,ATREP18,DNA,yes,0.873451803984922
araTha,Reference (Garlic),45155194,45156470,DNA,NA,ATREP18,DNA,yes,0.8613938919342208
araTha,Reference (Garlic),45170671,45171811,DNA,Helitron,Helitron-N5_ALy,RC,yes,0.6319018404907976
araTha,Reference (Garlic),45232059,45233463,DNA,MULE-MuDR,MuDR-N12_ALy,DNA,yes,0.2412811387900356
araTha,Reference (Garlic),45573930,45575889,DNA,NA,ATREP18,DNA,yes,0.8964285714285715
araTha,Reference (Garlic),45578662,45579290,DNA,NA,ATREP18,DNA,yes,0.5580286168521462
araTha,Reference (Garlic),45696558,45697532,DNA,Helitron,HelitronY3,RC,yes,0.3671794871794872
araTha,Reference (Garlic),45797202,45797769,DNA,NA,ATREP18,DNA,yes,0.3785211267605634
araTha,Reference (Garlic),45878271,45879539,DNA,Helitron,HelitronY3,RC,yes,0.49014972419227737
araTha,Reference (Garlic),46014084,46015774,DNA,MULE-MuDR,ATDNAI27T9A,DNA,yes,0.21230041395623891
araTha,Reference (Garlic),46064293,46071928,LTR,Gypsy,ATGP10_I,LTR,yes,0.998952331063384
araTha,Reference (Garlic),46100828,46101525,DNA,NA,ATREP18,DNA,yes,0.4828080229226361
araTha,Reference (Garlic),46136201,46137005,DNA,PIF-Harbinger,HARB-N1_ALy,DNA,yes,0.3701863354037267
araTha,Reference (Garlic),46154217,46156285,DNA,MULE-MuDR,ArnoldY1,DNA,yes,0.9120347994200096
araTha,Reference (Garlic),46286169,46287631,DNA,CMC-EnSpm,ATENSPM1,DNA,yes,0.2768284347231716
araTha,Reference (Garlic),46340131,46340503,LTR,Gypsy,Athila4D_LTR,LTR,yes,0.514745308310992
araTha,Reference (Garlic),46662723,46663820,DNA,Helitron,Helitron-3_ALy,RC,yes,0.23861566484517305
araTha,Reference (Garlic),46966953,46972455,LTR,Gypsy,Athila4A_I,LTR,yes,0.6154824641104852
araTha,Reference (Garlic),47068898,47072795,DNA,Helitron,Helitron-3_ALy,RC,yes,0.6618778860954335
araTha,Reference (Garlic),47219850,47220288,DNA,NA,ATREP18,DNA,yes,0.4783599088838269
araTha,Reference (Garlic),47298569,47313944,LTR,Gypsy,Athila_I,LTR,yes,0.49681321540062434
araTha,Reference (Garlic),47333356,47346149,LTR,Gypsy,Athila6A_LTR,LTR,yes,0.8516492105674535
araTha,Reference (Garlic),47474728,47475368,DNA,Helitron,Helitron-N5_ALy,RC,yes,0.48985959438377535
araTha,Reference (Garlic),47626864,47628931,LTR,Copia,Copia-10_ALY-I,LTR,yes,0.9323017408123792
araTha,Reference (Garlic),47853261,47855569,DNA,Helitron,Helitron-N1_ALy,RC,yes,0.7306193157210914
araTha,Reference (Garlic),47856350,47856912,DNA,MULE-MuDR,ArnoldY2,DNA,yes,0.7779751332149201
araTha,Reference (Garlic),47908728,47914050,LTR,Gypsy,Athila4A_I,LTR,yes,0.5641555513808003
araTha,Reference (Garlic),47956507,47959695,DNA,Helitron,ATREP10D,RC,yes,0.841329570398244
araTha,Reference (Garlic),48078640,48083478,LTR,Gypsy,Athila4B_LTR,LTR,yes,0.7482951022938623
araTha,Reference (Garlic),48251994,48254958,LTR,Gypsy,Athila3_LTR,LTR,yes,0.4573355817875211
araTha,Reference (Garlic),48341807,48343223,DNA,NA,ATREP18,DNA,yes,0.26040931545518703
araTha,Reference (Garlic),48573291,48575570,DNA,MULE-MuDR,ArnoldY1,DNA,yes,0.08508771929824561
araTha,Reference (Garlic),48796658,48797954,DNA,MULE-MuDR,TNAT1A,DNA,yes,0.6322282189668466
araTha,Reference (Garlic),48896748,48912708,LTR,Gypsy,Athila3_I,LTR,yes,0.8257001441012468
araTha,Reference (Garlic),49071912,49072816,DNA,MULE-MuDR,TNAT1A,DNA,yes,0.6519337016574586
araTha,Reference (Garlic),49163377,49170753,LINE,L1,ATLINE1_10,LINE,yes,0.4343228954859699
araTha,Reference (Garlic),49211441,49212043,DNA,NA,ATREP18,DNA,yes,0.6766169154228856
araTha,Reference (Garlic),49259564,49261741,LINE,L1,ATLINE1_12,LINE,yes,0.2598714416896235
araTha,Reference (Garlic),49270143,49272549,DNA,Helitron,HelitronY3,RC,yes,0.47652679684254257
araTha,Reference (Garlic),49329019,49329757,DNA,Helitron,ATREP10A,RC,yes,0.2625169147496617
araTha,Reference (Garlic),49378811,49380892,DNA,Helitron,ATREP5,RC,yes,0.2728146013448607
araTha,Reference (Garlic),49459328,49462946,DNA,NA,ATREP18,DNA,yes,0.6949433545178226
araTha,Reference (Garlic),49532951,49534719,DNA,MULE-MuDR,ATDNA2T9C,DNA,yes,0.19446014697569247
araTha,Reference (Garlic),49604518,49605031,LTR,Gypsy,Athila4_I,LTR,yes,0.20233463035019456
araTha,Reference (Garlic),49652179,49652840,LTR,Gypsy,Atlantys3_I,LTR,yes,0.23716012084592145
araTha,Reference (Garlic),49721966,49723234,LTR,Gypsy,Athila8B_I,LTR,yes,0.37667454688731283
araTha,Reference (Garlic),49851149,49855063,DNA,Helitron,HelitronY3,RC,yes,0.17752234993614305
araTha,Reference (Garlic),50059339,50061949,DNA,Helitron,ATREP4,RC,yes,0.4569130601302183
araTha,Reference (Garlic),50119214,50122717,DNA,MULE-MuDR,MuDR-N3_ALy,DNA,yes,0.6038812785388128
araTha,Reference (Garlic),50182118,50183539,DNA,MULE-MuDR,MuDR-N9_ALy,DNA,yes,0.6673699015471167
araTha,Reference (Garlic),50191634,50193484,DNA,MULE-MuDR,ATDNAI27T9A,DNA,yes,0.2884927066450567
araTha,Reference (Garlic),50244560,50253239,DNA,MULE-MuDR,Vandal7,DNA,yes,0.20852534562211983
araTha,Reference (Garlic),50393702,50394843,DNA,NA,ATREP18,DNA,yes,0.8371278458844134
araTha,Reference (Garlic),50435316,50436022,DNA,Helitron,ATREP8,RC,yes,0.9052333804809052
araTha,Reference (Garlic),50486870,50488545,DNA,NA,ATREP18,DNA,yes,0.3096658711217184
araTha,Reference (Garlic),50857155,50859466,LTR,Gypsy,Athila4_I,LTR,yes,0.8019031141868512
araTha,Reference (Garlic),50948500,50950382,DNA,NA,ATREP18,DNA,yes,0.3425385023898035
araTha,Reference (Garlic),51024441,51027241,LTR,Gypsy,Athila4C_LTR,LTR,yes,0.5837200999642984
araTha,Reference (Garlic),51067156,51067497,DNA,NA,ATREP18,DNA,yes,0.3362573099415205
araTha,Reference (Garlic),51085864,51089730,LTR,Gypsy,Athila4A_I,LTR,yes,0.626066718386346
araTha,Reference (Garlic),51172792,51173489,LTR,Copia,ROMANIAT5,LTR,yes,0.13753581661891118
araTha,Reference (Garlic),51192790,51194487,LTR,Copia,Copia-39_ALY-I,LTR,yes,0.833922261484099
araTha,Reference (Garlic),51403816,51410027,LTR,Gypsy,Athila4A_I,LTR,yes,0.8221184803605924
araTha,Reference (Garlic),51427007,51427857,DNA,NA,ATREP18,DNA,yes,0.5593419506462984
araTha,Reference (Garlic),51513843,51514611,LTR,Gypsy,Athila4B_LTR,LTR,yes,0.7334200260078023
araTha,Reference (Garlic),51901085,51901654,DNA,NA,ATREP18,DNA,yes,0.6894736842105263
araTha,Reference (Garlic),51979708,51981359,DNA,Helitron,Helitron5,RC,yes,0.2566585956416465
araTha,Reference (Garlic),52053675,52054938,DNA,NA,ATREP18,DNA,yes,0.8061708860759493
araTha,Reference (Garlic),52123990,52124585,DNA,NA,ATREP18,DNA,yes,0.540268456375839
araTha,Reference (Garlic),52143685,52144931,DNA,MULE-MuDR,MuDR-N9_ALy,DNA,yes,0.6206896551724138
araTha,Reference (Garlic),52271997,52272756,DNA,NA,ATREP18,DNA,yes,0.6342105263157894
araTha,Reference (Garlic),52305455,52306638,DNA,NA,ATREP18,DNA,yes,0.816722972972973
araTha,Reference (Garlic),52383289,52385160,DNA,MULE-MuDR,MuDR-5_ALy,DNA,yes,0.5849358974358975
araTha,Reference (Garlic),52433243,52434702,DNA,Helitron,Helitron2,RC,yes,0.3315068493150685
araTha,Reference (Garlic),52495824,52496517,DNA,NA,ATREP18,DNA,yes,0.7449567723342939
araTha,Reference (Garlic),52536347,52537318,DNA,NA,ATREP18,DNA,yes,0.6141975308641975
araTha,Reference (Garlic),52597128,52597666,DNA,MULE-MuDR,TNAT1A,DNA,yes,0.4155844155844156
araTha,Reference (Garlic),52705156,52706946,DNA,PIF-Harbinger,HARB-N1_ALy,DNA,yes,0.16024567280848687
araTha,Reference (Garlic),52735376,52736228,DNA,NA,ATREP18,DNA,yes,0.48534583821805394
araTha,Reference (Garlic),52815802,52818395,LTR,Copia,Copia-10_ALY-I,LTR,yes,0.9460292983808789
araTha,Reference (Garlic),52894416,52895585,DNA,MULE-MuDR,MuDR-N12_ALy,DNA,yes,0.08888888888888889
araTha,Reference (Garlic),52901615,52905210,LTR,Gypsy,Athila4A_I,LTR,yes,0.2447163515016685
araTha,Reference (Garlic),53077787,53079314,LTR,Gypsy,Gypsy-33_ALY-LTR,LTR,yes,0.6531413612565445
araTha,Reference (Garlic),53098711,53100973,LTR,Gypsy,Athila3_LTR,LTR,yes,0.29960229783473263
araTha,Reference (Garlic),53139240,53139676,DNA,NA,ATREP18,DNA,yes,0.4759725400457666
araTha,Reference (Garlic),53163237,53166059,LINE,L1,ATLINE1_12,LINE,yes,0.1622387530995395
araTha,Reference (Garlic),53243524,53245494,LINE,L1,L1-16_ALy,LINE,yes,0.35058346017250125
araTha,Reference (Garlic),53255520,53257143,DNA,PIF-Harbinger,HARB-N1_ALy,DNA,yes,0.27032019704433496
araTha,Reference (Garlic),53508633,53508928,DNA,hAT-Charlie,hAT-N4_ALy,DNA,yes,0.2939189189189189
araTha,Reference (Garlic),53665512,53666487,DNA,Helitron,Helitron-N5_ALy,RC,yes,0.569672131147541
araTha,Reference (Garlic),53800261,53804652,LTR,Gypsy,Athila4A_I,LTR,yes,0.3510928961748634
araTha,Reference (Garlic),53813213,53813618,DNA,NA,ATREP18,DNA,yes,0.3251231527093596
araTha,Reference (Garlic),53818520,53820575,DNA,NA,ATREP18,DNA,yes,0.3715953307392996
araTha,Reference (Garlic),53987525,53989330,DNA,NA,ATTIR16T3A,DNA,yes,0.7153931339977851
araTha,Reference (Garlic),54001461,54006633,LTR,Gypsy,Athila3_LTR,LTR,yes,0.6990141117340035
araTha,Reference (Garlic),54405082,54406431,DNA,NA,ATREP18,DNA,yes,0.15333333333333332
araTha,Reference (Garlic),54450465,54452292,DNA,NA,ATREP18,DNA,yes,0.8812910284463895
araTha,Reference (Garlic),54470092,54474348,DNA,MULE-MuDR,ArnoldY1,DNA,yes,0.47521728917077755
araTha,Reference (Garlic),54556150,54559366,LTR,Gypsy,Athila4_LTR,LTR,yes,0.7245881255828411
araTha,Reference (Garlic),54572803,54579138,LTR,Gypsy,Athila3_I,LTR,yes,0.4668560606060606
araTha,Reference (Garlic),54625599,54628286,LINE,L1,ATLINE1_11,LINE,yes,0.5345982142857143
araTha,Reference (Garlic),54643025,54643511,DNA,NA,ATREP18,DNA,yes,0.7597535934291582
araTha,Reference (Garlic),54867015,54870064,DNA,NA,ATREP18,DNA,yes,0.5652459016393443
araTha,Reference (Garlic),54906142,54907218,DNA,Helitron,ATREP10A,RC,yes,0.47168059424326836
araTha,Reference (Garlic),54942613,54943757,DNA,MULE-MuDR,MuDR-N3_ALy,DNA,yes,0.1275109170305677
araTha,Reference (Garlic),54955762,54957476,DNA,NA,ATREP18,DNA,yes,0.3253644314868805
araTha,Reference (Garlic),55025442,55025938,DNA,Helitron,HelitronY3,RC,yes,0.579476861167002
araTha,Reference (Garlic),55130267,55132742,DNA,Helitron,ATREP10A,RC,yes,0.802907915993538
araTha,Reference (Garlic),55298396,55311879,LTR,Gypsy,Athila0_I,LTR,yes,0.2427321269652922
araTha,Reference (Garlic),55536681,55539416,DNA,MULE-MuDR,Vandal21,DNA,yes,0.4269005847953216
araTha,Reference (Garlic),55608244,55610387,DNA,PIF-Harbinger,HARB-3_ALy,DNA,yes,0.1669776119402985
araTha,Reference (Garlic),55641594,55643219,DNA,NA,ATREP18,DNA,yes,0.4009840098400984
araTha,Reference (Garlic),55716738,55729694,LTR,Gypsy,Athila3_LTR,LTR,yes,0.8721926371845334
araTha,Reference (Garlic),55852041,55855844,DNA,NA,ATREP18,DNA,yes,0.9342797055730809
araTha,Reference (Garlic),56247974,56249767,DNA,PIF-Harbinger,HARB-N1_ALy,DNA,yes,0.1616499442586399
araTha,Reference (Garlic),56275557,56277551,LTR,Copia,Copia-74_ALY-LTR,LTR,yes,0.6345864661654136
araTha,Reference (Garlic),56310678,56313778,DNA,Helitron,Helitron5,RC,yes,0.30699774266365687
araTha,Reference (Garlic),56369981,56371255,DNA,Helitron,HelitronY3,RC,yes,0.49254901960784314
araTha,Reference (Garlic),56481792,56482906,DNA,NA,ATREP18,DNA,yes,0.7802690582959642
araTha,Reference (Garlic),56731498,56732573,LTR,Copia,ATCopia30_I,LTR,yes,0.6189591078066915
araTha,Reference (Garlic),56738653,56740966,LINE,L1,L1-16_ALy,LINE,yes,0.7774416594641314
araTha,Reference (Garlic),56834558,56837753,LTR,Gypsy,Athila4_LTR,LTR,yes,0.727784730913642
araTha,Reference (Garlic),56890422,56890922,DNA,NA,ATREP18,DNA,yes,0.7844311377245509
araTha,Reference (Garlic),57084034,57085032,DNA,MULE-MuDR,MuDR-7_ALy,DNA,yes,0.6556556556556556
araTha,Reference (Garlic),57094586,57098403,DNA,NA,ATREP18,DNA,yes,0.7022001047668937
araTha,Reference (Garlic),57235566,57237166,DNA,Helitron,ATREP10A,RC,yes,0.6645846346033729
araTha,Reference (Garlic),57328162,57328834,DNA,Helitron,ATREP11,RC,yes,0.2971768202080238
araTha,Reference (Garlic),57354854,57363364,DNA,MULE-MuDR,ArnoldY2,DNA,yes,0.8666431676653742
araTha,Reference (Garlic),57429962,57430801,DNA,NA,ATREP18,DNA,yes,0.4773809523809524
araTha,Reference (Garlic),57514321,57517598,LINE,L1,L1-14_ALy,LINE,yes,0.38346552776082976
araTha,Reference (Garlic),57561260,57561746,DNA,NA,ATREP18,DNA,yes,0.7597535934291582
araTha,Reference (Garlic),57624976,57625888,DNA,Helitron,ATREP20,RC,yes,0.17305585980284777
araTha,Reference (Garlic),57638583,57639031,DNA,NA,ATREP18,DNA,yes,0.5612472160356348
araTha,Reference (Garlic),57746516,57747579,LTR,Gypsy,Athila4A_I,LTR,yes,0.7922932330827067
araTha,Reference (Garlic),57814855,57815410,DNA,Helitron,HelitronY3,RC,yes,0.2931654676258993
araTha,Reference (Garlic),57884793,57891266,LTR,Gypsy,Athila4A_I,LTR,yes,0.8886314488724127
araTha,Reference (Garlic),57994087,57994889,DNA,NA,ATREP18,DNA,yes,0.7546699875466999
araTha,Reference (Garlic),58026025,58026430,DNA,NA,ATREP18,DNA,yes,0.7118226600985221
araTha,Reference (Garlic),58034189,58036421,LTR,Gypsy,Athila4_I,LTR,yes,0.7948947604120018
araTha,Reference (Garlic),58143562,58143864,DNA,Helitron,HelitronY3,RC,yes,0.3102310231023102
araTha,Reference (Garlic),58268644,58272204,LTR,Gypsy,Athila3_LTR,LTR,yes,0.5627632687447346
araTha,Reference (Garlic),58768757,58770119,DNA,NA,RP1_AT,DNA,yes,0.7989728539985327
araTha,Reference (Garlic),58910592,58911943,DNA,MULE-MuDR,TNAT1A,DNA,yes,0.5687869822485208
araTha,Reference (Garlic),59362378,59365132,DNA,Helitron,ATREP10A,RC,yes,0.6116152450090744
araTha,Reference (Garlic),59441406,59445966,DNA,NA,ATREP18,DNA,yes,0.7507125630344222
araTha,Reference (Garlic),59481586,59482779,DNA,Helitron,ATREP10D,RC,yes,0.7412060301507538
araTha,Reference (Garlic),59708087,59709497,LTR,Gypsy,ATGP11_I,LTR,yes,0.13111268603827073
araTha,Reference (Garlic),59867630,59877899,LTR,Gypsy,Athila4A_I,LTR,yes,0.7433300876338851
araTha,Reference (Garlic),59984084,59988723,DNA,MULE-MuDR,ArnoldY2,DNA,yes,0.9047413793103448
araTha,Reference (Garlic),60143806,60148530,LINE,L1,L1-13_ALy,LINE,yes,0.7612698412698413
araTha,Reference (Garlic),60212365,60213164,DNA,NA,ATREP18,DNA,yes,0.73375
araTha,Reference (Garlic),60249691,60251218,DNA,MULE-MuDR,ArnoldY1,DNA,yes,0.13481675392670156
araTha,Reference (Garlic),60251783,60255332,DNA,Helitron,ATREP10A,RC,yes,0.5385915492957747
araTha,Reference (Garlic),60445771,60454428,LINE,L1,ATLINE1_8,LINE,yes,0.8246708246708246
araTha,Reference (Garlic),60559071,60559712,DNA,Helitron,Helitron-N5_ALy,RC,yes,0.49065420560747663
araTha,Reference (Garlic),60663273,60665249,LINE,L1,ATLINE1_12,LINE,yes,0.18462316641375823
araTha,Reference (Garlic),60753099,60754904,DNA,NA,ATTIR16T3A,DNA,yes,0.7153931339977851
araTha,Reference (Garlic),60845426,60853333,LTR,Gypsy,Athila4C_I,LTR,yes,0.8672230652503794
araTha,Reference (Garlic),60941809,60943493,DNA,NA,ATREP18,DNA,yes,0.3281899109792285
araTha,Reference (Garlic),61002439,61014737,LTR,Gypsy,Athila6B_I,LTR,yes,0.5595576876168794
araTha,Reference (Garlic),61032587,61043195,LTR,Gypsy,Atlantys2_LTR,LTR,yes,0.9244038080874729
araTha,Reference (Garlic),61302789,61304391,DNA,MULE-MuDR,ArnoldY2,DNA,yes,0.8072364316905801
araTha,Reference (Garlic),61384446,61386420,DNA,MULE-MuDR,TNAT1A,DNA,yes,0.7144303797468354
araTha,Reference (Garlic),61412793,61413545,LTR,Gypsy,Athila4A_I,LTR,yes,0.9083665338645418
araTha,Reference (Garlic),61511256,61523258,LTR,Gypsy,Athila3_LTR,LTR,yes,0.8658668666166791
araTha,Reference (Garlic),61680439,61683526,LTR,Gypsy,Athila4A_I,LTR,yes,0.9650259067357513
araTha,Reference (Garlic),61688791,61690922,DNA,NA,ATREP18,DNA,yes,0.3780487804878049
araTha,Reference (Garlic),61699554,61699897,DNA,NA,ATREP18,DNA,yes,0.33430232558139533
araTha,Reference (Garlic),62006843,62008433,DNA,TcMar-Pogo,Mariner-N1B_ALy,DNA,yes,0.9610307982401005
araTha,Reference (Garlic),62431931,62434463,LTR,Gypsy,Athila4B_LTR,LTR,yes,0.4998026056060008
araTha,Reference (Garlic),62437757,62446617,LTR,Gypsy,Gypsy-33_ALY-LTR,LTR,yes,0.9408644622503104
araTha,Reference (Garlic),62454979,62459519,LTR,Gypsy,Athila3_LTR,LTR,yes,0.6760625412904646
araTha,Reference (Garlic),62499523,62503682,DNA,NA,ATREP18,DNA,yes,0.68125
araTha,Reference (Garlic),62592349,62593065,DNA,NA,ATREP18,DNA,yes,0.4700139470013947
araTha,Reference (Garlic),62615854,62617576,DNA,CMC-EnSpm,ATENSPM1,DNA,yes,0.3859547301218804
araTha,Reference (Garlic),62744569,62746120,DNA,MULE-MuDR,MuDR-N9_ALy,DNA,yes,0.6990979381443299
araTha,Reference (Garlic),62848864,62849392,DNA,NA,ATREP18,DNA,yes,0.5708884688090737
araTha,Reference (Garlic),63024566,63034151,LTR,Gypsy,Athila4A_LTR,LTR,yes,0.876486542875026
araTha,Reference (Garlic),63066479,63073004,LINE,L1,L1-13_ALy,LINE,yes,0.4402390438247012
araTha,Reference (Garlic),63208747,63213224,LTR,Gypsy,Atlantys3_LTR,LTR,yes,0.8983921393479232
araTha,Reference (Garlic),63224736,63237163,LTR,Gypsy,Athila2_LTR,LTR,yes,0.8529932410685549
araTha,Reference (Garlic),63268524,63271331,LTR,Gypsy,Athila4C_LTR,LTR,yes,0.8094729344729344
araTha,Reference (Garlic),63333921,63341801,LTR,Gypsy,Athila6B_I,LTR,yes,0.30782895571627966
araTha,Reference (Garlic),63468314,63474827,DNA,NA,ATREP18,DNA,yes,0.7859993859379797
araTha,Reference (Garlic),63585607,63586697,LTR,Gypsy,Athila4A_I,LTR,yes,0.9541704857928506
araTha,Reference (Garlic),63772712,63773558,DNA,NA,ATREP18,DNA,yes,0.6717827626918536
araTha,Reference (Garlic),63786827,63790073,DNA,NA,ATREP18,DNA,yes,0.651370495842316
araTha,Reference (Garlic),63793875,63798260,LTR,Copia,Copia-10_ALY-I,LTR,yes,0.8385772913816689
araTha,Reference (Garlic),63923821,63930497,LTR,Gypsy,Athila4C_LTR,LTR,yes,0.8253706754530478
araTha,Reference (Garlic),63951103,63952888,LTR,Gypsy,Athila4C_LTR,LTR,yes,0.3191489361702128
araTha,Reference (Garlic),64122353,64126886,DNA,NA,ATREP18,DNA,yes,0.7267313630348479
araTha,Reference (Garlic),64306392,64315249,LTR,Gypsy,Athila4C_LTR,LTR,yes,0.8654323775118536
araTha,Reference (Garlic),64326371,64328999,DNA,NA,ATREP18,DNA,yes,0.5834918219855458
araTha,Reference (Garlic),64391387,64407982,LTR,Gypsy,Athila3_I,LTR,yes,0.7868763557483731
araTha,Reference (Garlic),64439285,64440480,DNA,MULE-MuDR,MuDR-N18_ALy,DNA,yes,0.4122073578595318
araTha,Reference (Garlic),64447248,64458401,LTR,Gypsy,Athila4A_I,LTR,yes,0.7719203873050027
araTha,Reference (Garlic),64568707,64569319,DNA,NA,ATREP18,DNA,yes,0.6933115823817292
araTha,Reference (Garlic),64828760,64830552,DNA,Helitron,ATREP10A,RC,yes,0.45844952593418853
araTha,Reference (Garlic),64922663,64924652,DNA,MULE-MuDR,ATDNAI27T9A,DNA,yes,0.34773869346733666
araTha,Reference (Garlic),65035198,65035965,DNA,Helitron,ATREP10A,RC,yes,0.2903645833333333
araTha,Reference (Garlic),65067452,65078499,LTR,Gypsy,Athila2_LTR,LTR,yes,0.8384322954380884
araTha,Reference (Garlic),65137530,65138382,DNA,NA,ATREP18,DNA,yes,0.6483001172332943
araTha,Reference (Garlic),65381814,65385241,LTR,Gypsy,Athila_I,LTR,yes,0.4606184364060677
araTha,Reference (Garlic),65393321,65396749,DNA,MULE-MuDR,ArnoldY2,DNA,yes,0.9428404782735491
araTha,Reference (Garlic),65477726,65478287,DNA,NA,ATREP18,DNA,yes,0.5142348754448398
araTha,Reference (Garlic),65501586,65529896,LTR,Gypsy,Athila_I,LTR,yes,0.7583624739500547
araTha,Reference (Garlic),65559481,65562062,DNA,NA,ATREP18,DNA,yes,0.6320681642137878
araTha,Reference (Garlic),65627626,65628412,DNA,Helitron,ATREP10A,RC,yes,0.3176620076238882
araTha,Reference (Garlic),65881795,65885903,DNA,NA,ATREP18,DNA,yes,0.9196884886833779
araTha,Reference (Garlic),66108294,66109559,DNA,NA,ATREP18,DNA,yes,0.8601895734597157
araTha,Reference (Garlic),66145729,66146207,LTR,Gypsy,Athila8B_I,LTR,yes,0.7265135699373695
araTha,Reference (Garlic),66217928,66220486,DNA,Helitron,ATREP4,RC,yes,0.3907776475185619
araTha,Reference (Garlic),66414640,66418201,LTR,Gypsy,Athila4_LTR,LTR,yes,0.6558113419427288
araTha,Reference (Garlic),66522819,66528337,LTR,Copia,ROMANIAT5,LTR,yes,0.890922268526907
araTha,Reference (Garlic),66606782,66608489,LTR,Gypsy,Athila4B_LTR,LTR,yes,0.879976580796253
araTha,Reference (Garlic),66824068,66825440,LTR,Gypsy,Gypsy-33_ALY-LTR,LTR,yes,0.7829570284049526
araTha,Reference (Garlic),66828242,66839268,LTR,Gypsy,Athila3_LTR,LTR,yes,0.8546295456606511
araTha,Reference (Garlic),66920342,66926745,LTR,Gypsy,Athila4A_I,LTR,yes,0.5863522798251093
araTha,Reference (Garlic),67309713,67311206,DNA,NA,RP1_AT,DNA,yes,0.8165997322623829
araTha,Reference (Garlic),67364436,67370791,LTR,Gypsy,Athila4C_LTR,LTR,yes,0.815607300188798
araTha,Reference (Garlic),67402236,67403215,LTR,Gypsy,Athila4A_I,LTR,yes,0.9653061224489796
araTha,Reference (Garlic),67438420,67439621,DNA,NA,ATREP18,DNA,yes,0.8044925124792013
araTha,Reference (Garlic),67595842,67596467,DNA,NA,ATREP18,DNA,yes,0.43610223642172524
araTha,Reference (Garlic),67649629,67651235,DNA,NA,ATREP18,DNA,yes,0.28002489110143125
araTha,Reference (Garlic),67678114,67690221,LTR,Gypsy,Athila4_I,LTR,yes,0.7791542781631979
araTha,Reference (Garlic),67713569,67715229,DNA,NA,ATREP18,DNA,yes,0.3407585791691752
araTha,Reference (Garlic),67813683,67814822,DNA,Helitron,Helitron-N5_ALy,RC,yes,0.631578947368421
araTha,Reference (Garlic),68001687,68007617,LTR,Copia,Copia-42_ALY-I,LTR,yes,0.2569549822964087
araTha,Reference (Garlic),68069833,68070952,DNA,NA,ATREP18,DNA,yes,0.8535714285714285
araTha,Reference (Garlic),68148209,68151151,DNA,NA,ATREP18,DNA,yes,0.5609921848453958
araTha,Reference (Garlic),68213529,68214361,DNA,Helitron,Helitron-N7C_ALy,RC,yes,0.9687875150060024
araTha,Reference (Garlic),68337709,68339074,DNA,NA,ATREP18,DNA,yes,0.21156661786237188
araTha,Reference (Garlic),68618198,68620183,DNA,NA,ATREP18,DNA,yes,0.4390735146022155
araTha,Reference (Garlic),68690615,68691059,DNA,NA,ATREP18,DNA,yes,0.4853932584269663
araTha,Reference (Garlic),68821052,68822075,DNA,MULE-MuDR,ArnoldY2,DNA,yes,0.443359375
araTha,Reference (Garlic),69224256,69225048,DNA,Helitron,HelitronY3,RC,yes,0.1841109709962169
araTha,Reference (Garlic),69228124,69228672,DNA,MULE-MuDR,TNAT1A,DNA,yes,0.4262295081967213
araTha,Reference (Garlic),69368143,69368623,DNA,NA,ATREP18,DNA,yes,0.43243243243243246
araTha,Reference (Garlic),69379973,69380741,DNA,PIF-Harbinger,HARB-9_ALy,DNA,yes,0.7516254876462939
araTha,Reference (Garlic),69453723,69456751,DNA,MULE-MuDR,ATDNA2T9C,DNA,yes,0.5427533839551006
araTha,Reference (Garlic),69542926,69545219,LINE,L1,ATLINE1_11,LINE,yes,0.454664341761116
araTha,Reference (Garlic),69915723,69917620,LTR,Gypsy,Athila8ALTR,LTR,yes,0.06691253951527924
araTha,Reference (Garlic),69997409,69999505,LTR,Gypsy,Athila4C_LTR,LTR,yes,0.4678111587982833
araTha,Reference (Garlic),70016241,70017274,LTR,Gypsy,Athila8B_I,LTR,yes,0.8936170212765957
araTha,Reference (Garlic),70048774,70049611,DNA,NA,ATREP18,DNA,yes,0.665871121718377
araTha,Reference (Garlic),70367813,70368595,DNA,NA,ATREP18,DNA,yes,0.5210727969348659
araTha,Reference (Garlic),70438075,70438892,DNA,Helitron,HelitronY3,RC,yes,0.12469437652811736
araTha,Reference (Garlic),70441259,70449423,DNA,Helitron,Helitron-3_ALy,RC,yes,0.8785058175137783
araTha,Reference (Garlic),70560650,70564326,DNA,Helitron,ATREP3,RC,yes,0.7998368234974164
araTha,Reference (Garlic),70646091,70646581,DNA,NA,ATREP18,DNA,yes,0.5661914460285132
araTha,Reference (Garlic),70782468,70784085,LINE,L1,ATLINE1_11,LINE,yes,0.36093943139678614
araTha,Reference (Garlic),70925777,70929602,LTR,Copia,Copia-10_ALY-I,LTR,yes,0.8149503397804495
araTha,Reference (Garlic),71000078,71000750,DNA,NA,ATREP18,DNA,yes,0.736998514115899
araTha,Reference (Garlic),71034796,71035628,DNA,NA,ATREP18,DNA,yes,0.4729891956782713
araTha,Reference (Garlic),71079803,71080941,LTR,Copia,Copia-39_ALY-I,LTR,yes,0.7489025460930641
araTha,Reference (Garlic),71091258,71091856,LTR,Gypsy,Athila8B_I,LTR,yes,0.7345575959933222
araTha,Reference (Garlic),71101561,71107200,LTR,Gypsy,Athila6A_LTR,LTR,yes,0.6663120567375886
araTha,Reference (Garlic),71126718,71131544,LTR,Gypsy,Gypsy-33_ALY-LTR,LTR,yes,0.8914439610524135
araTha,Reference (Garlic),71171155,71171942,DNA,Helitron,Helitron-N5_ALy,RC,yes,0.6091370558375635
araTha,Reference (Garlic),71183402,71186526,DNA,NA,ATREP18,DNA,yes,0.512
araTha,Reference (Garlic),71229479,71242151,LTR,Gypsy,Athila3_LTR,LTR,yes,0.9049948709855599
araTha,Reference (Garlic),71328662,71330983,DNA,NA,ATREP18,DNA,yes,0.5284237726098191
araTha,Reference (Garlic),71431604,71435013,LTR,Gypsy,Athila_LTR,LTR,yes,0.5604105571847507
araTha,Reference (Garlic),71486081,71486752,DNA,NA,ATREP18,DNA,yes,0.7068452380952381
araTha,Reference (Garlic),71497855,71498179,DNA,NA,ATREP18,DNA,yes,0.64
araTha,Reference (Garlic),71523251,71525686,LINE,L1,L1-16_ALy,LINE,yes,0.5459770114942529
araTha,Reference (Garlic),71618150,71625194,LTR,Copia,Copia-39_ALY-I,LTR,yes,0.4901348474095103
araTha,Reference (Garlic),71803500,71805125,DNA,MULE-MuDR,MuDR-N5_ALy,DNA,yes,0.7644526445264452
araTha,Reference (Garlic),71945976,71946921,DNA,MULE-MuDR,TNAT1A,DNA,yes,0.49577167019027485
araTha,Reference (Garlic),71987940,71989598,LTR,Copia,Copia-74_ALY-LTR,LTR,yes,0.5443037974683544
araTha,Reference (Garlic),72122365,72123695,LTR,Gypsy,Atlantys3_LTR,LTR,yes,0.6656649135987979
araTha,Reference (Garlic),72213159,72215154,DNA,Helitron,HelitronY1D,RC,yes,0.5235470941883767
araTha,Reference (Garlic),72234736,72238833,DNA,MULE-MuDR,ArnoldY1,DNA,yes,0.577842850170815
araTha,Reference (Garlic),72385695,72386235,LTR,Gypsy,ATGP11_I,LTR,yes,0.2698706099815157
araTha,Reference (Garlic),72454337,72455164,LTR,Gypsy,Athila4A_I,LTR,yes,0.9311594202898551
araTha,Reference (Garlic),72465289,72467231,DNA,NA,ATREP18,DNA,yes,0.8878023674729799
araTha,Reference (Garlic),72525320,72525644,DNA,NA,ATREP18,DNA,yes,0.64
araTha,Reference (Garlic),72552672,72553915,LTR,Gypsy,Athila4_I,LTR,yes,0.07556270096463022
araTha,Reference (Garlic),72918722,72920464,DNA,NA,ATREP18,DNA,yes,0.3717728055077453
araTha,Reference (Garlic),73020364,73029286,LINE,L1,ATLINE1_8,LINE,yes,0.9901378460159139
araTha,Reference (Garlic),73251632,73254595,LTR,Gypsy,Athila_LTR,LTR,yes,0.5236167341430499
araTha,Reference (Garlic),73299023,73299538,DNA,NA,ATREP18,DNA,yes,0.7151162790697675
araTha,Reference (Garlic),73331339,73332823,LTR,Copia,ATCopia32_LTR,LTR,yes,0.4101010101010101
araTha,Reference (Garlic),73399782,73400999,DNA,Helitron,Helitron-3_ALy,RC,yes,0.18555008210180624
araTha,Reference (Garlic),73406623,73410892,DNA,Helitron,ATREP3,RC,yes,0.8276346604215457
araTha,Reference (Garlic),73461513,73467046,LTR,Gypsy,Athila4C_LTR,LTR,yes,0.7880375858330322
araTha,Reference (Garlic),73498964,73500352,DNA,Helitron,ATREP10D,RC,yes,0.6357091432685386
araTha,Reference (Garlic),73544322,73545993,DNA,NA,ATREP18,DNA,yes,0.30801435406698563
araTha,Reference (Garlic),73597551,73599052,DNA,Helitron,ATREP10A,RC,yes,0.6211717709720372
araTha,Reference (Garlic),73784945,73787951,LTR,Gypsy,Athila4A_I,LTR,yes,0.6119055537080146
araTha,Reference (Garlic),73836663,73838260,LTR,Copia,Copia-39_ALY-I,LTR,yes,0.8235294117647058
araTha,Reference (Garlic),73885516,73888553,LINE,L1,L1-16_ALy,LINE,yes,0.5786701777485188
araTha,Reference (Garlic),74056228,74061298,LINE,L1,ATLINE1_10,LINE,yes,0.09682508380989943
araTha,Reference (Garlic),74137106,74138645,DNA,hAT-Ac,HATN5_ALy,DNA,yes,0.6792207792207792
araTha,Reference (Garlic),74142562,74145558,DNA,Helitron,Helitron5,RC,yes,0.2829496162829496
araTha,Reference (Garlic),74165667,74167598,DNA,Helitron,ATREP4,RC,yes,0.27639751552795033
araTha,Reference (Garlic),74205837,74218001,LTR,Gypsy,Athila2_LTR,LTR,yes,0.8569667077681874
araTha,Reference (Garlic),74463698,74465144,LTR,Gypsy,Athila4D_LTR,LTR,yes,0.9896337249481686
araTha,Reference (Garlic),74525608,74531633,LINE,L1,L1-13_ALy,LINE,yes,0.38649186856953205
araTha,Reference (Garlic),74597646,74608718,DNA,MULE-MuDR,MuDR-4_ALy,DNA,yes,0.47909328998464734
araTha,Reference (Garlic),74775305,74780133,LINE,L1,L1-13_ALy,LINE,yes,0.7664112652723131
araTha,Reference (Garlic),74816945,74817669,LTR,Gypsy,Athila4A_I,LTR,yes,0.6317241379310344
araTha,Reference (Garlic),74856291,74856826,DNA,MULE-MuDR,MuDR-N9_ALy,DNA,yes,0.5746268656716418
araTha,Reference (Garlic),75184372,75186217,DNA,NA,ATREP18,DNA,yes,0.8726977248104009
araTha,Reference (Garlic),75253563,75255302,DNA,NA,ATREP18,DNA,yes,0.332183908045977
araTha,Reference (Garlic),75267620,75267931,DNA,NA,ATREP18,DNA,yes,0.3685897435897436
araTha,Reference (Garlic),75449970,75456385,LTR,Gypsy,Athila4B_LTR,LTR,yes,0.8832605985037406
araTha,Reference (Garlic),75503350,75504171,DNA,NA,ATREP18,DNA,yes,0.4659367396593674
araTha,Reference (Garlic),75565169,75565791,DNA,Helitron,Helitron-N5_ALy,RC,yes,0.5056179775280899
araTha,Reference (Garlic),75572243,75572720,DNA,MULE-MuDR,MuDR-N9_ALy,DNA,yes,0.5230125523012552
araTha,Reference (Garlic),75574118,75577109,DNA,CMC-EnSpm,EnSpm-N3_ALy,DNA,yes,0.5033422459893048
araTha,Reference (Garlic),75581878,75583566,DNA,MULE-MuDR,TNAT1A,DNA,yes,0.7347542924807579
araTha,Reference (Garlic),75592371,75595525,LTR,Gypsy,ATGP5I,LTR,yes,0.6396196513470681
araTha,Reference (Garlic),75606707,75608601,LTR,Gypsy,Atlantys2_I,LTR,yes,0.09076517150395778
araTha,Reference (Garlic),75781962,75784851,LTR,Gypsy,Athila4A_LTR,LTR,yes,0.5903114186851212
araTha,Reference (Garlic),75866675,75868115,DNA,NA,ATREP18,DNA,yes,0.19361554476058293
araTha,Reference (Garlic),75954134,75954660,LTR,Gypsy,Athila4C_I,LTR,yes,0.47438330170777987
araTha,Reference (Garlic),76063583,76064479,DNA,Helitron,ATREP10A,RC,yes,0.3656633221850613
araTha,Reference (Garlic),76075232,76076074,DNA,Helitron,ATREP10A,RC,yes,0.26453143534994067
araTha,Reference (Garlic),76078783,76079185,DNA,MULE-MuDR,ArnoldY2,DNA,yes,0.6898263027295285
araTha,Reference (Garlic),76107374,76109248,DNA,NA,ATREP18,DNA,yes,0.9424
araTha,Reference (Garlic),76184673,76186213,DNA,NA,ATREP18,DNA,yes,0.8552887735236859
araTha,Reference (Garlic),76306674,76310419,DNA,Helitron,ATREP4,RC,yes,0.41137213027229047
araTha,Reference (Garlic),76375715,76377049,DNA,NA,ATREP18,DNA,yes,0.21647940074906366
araTha,Reference (Garlic),76397418,76399416,DNA,NA,ATREP18,DNA,yes,0.46773386693346675
araTha,Reference (Garlic),76437109,76439079,DNA,MULE-MuDR,ATDNAI27T9A,DNA,yes,0.29883307965499745
araTha,Reference (Garlic),76662577,76662920,DNA,NA,ATREP18,DNA,yes,0.33430232558139533
araTha,Reference (Garlic),76699712,76710922,LTR,Gypsy,Athila4C_LTR,LTR,yes,0.8925162786548925
araTha,Reference (Garlic),76810502,76810828,DNA,NA,ATREP18,DNA,yes,0.2996941896024465
araTha,Reference (Garlic),76853755,76866322,LTR,Gypsy,Athila0_I,LTR,yes,0.39290260980267344
araTha,Reference (Garlic),77028991,77030026,DNA,MULE-MuDR,ATDNAI27T9A,DNA,yes,0.2702702702702703
araTha,Reference (Garlic),77084845,77087612,LTR,Gypsy,Athila4_I,LTR,yes,0.5722543352601156
araTha,Reference (Garlic),77166497,77167263,DNA,NA,ATREP18,DNA,yes,0.5397653194263363
araTha,Reference (Garlic),77275166,77276654,DNA,NA,ATREP18,DNA,yes,0.264607118871726
araTha,Reference (Garlic),77307482,77307968,DNA,NA,ATREP18,DNA,yes,0.7597535934291582
araTha,Reference (Garlic),77538966,77539477,DNA,NA,ATREP18,DNA,yes,0.2578125
araTha,Reference (Garlic),77736588,77738416,LTR,Gypsy,Athila4_I,LTR,yes,0.2361946418808092
araTha,Reference (Garlic),77922480,77926941,LINE,L1,L1-16_ALy,LINE,yes,0.7521290900941282
araTha,Reference (Garlic),78089933,78091134,DNA,MULE-MuDR,ArnoldY2,DNA,yes,0.42346089850249585
araTha,Reference (Garlic),78454100,78455565,DNA,NA,ATREP18,DNA,yes,0.252387448840382
araTha,Reference (Garlic),78715128,78715442,DNA,Helitron,Helitron-N7C_ALy,RC,yes,0.46984126984126984
araTha,Reference (Garlic),78740971,78742850,DNA,NA,ATREP18,DNA,yes,0.32393617021276594
araTha,Reference (Garlic),78769393,78769870,DNA,MULE-MuDR,MuDR-N9_ALy,DNA,yes,0.5230125523012552
araTha,Reference (Garlic),78817655,78819312,LINE,L1,ATLINE1_11,LINE,yes,0.24547647768395658
araTha,Reference (Garlic),78866736,78867380,DNA,Helitron,ATREP10D,RC,yes,0.2310077519379845
araTha,Reference (Garlic),78869832,78870579,DNA,Helitron,Helitron-N7C_ALy,RC,yes,0.8475935828877005
araTha,Reference (Garlic),78934268,78938011,DNA,NA,ATREP18,DNA,yes,0.6963141025641025
araTha,Reference (Garlic),78941089,78956198,LTR,Gypsy,ATGP11_LTR,LTR,yes,0.9790866975512905
araTha,Reference (Garlic),79041358,79041802,DNA,hAT-Charlie,hAT-N4_ALy,DNA,yes,0.6966292134831461
araTha,Reference (Garlic),79358441,79360057,DNA,NA,ATREP18,DNA,yes,0.2844774273345702
araTha,Reference (Garlic),79494562,79497202,DNA,MULE-MuDR,ArnoldY1,DNA,yes,0.9121544869367664
araTha,Reference (Garlic),79695839,79697644,DNA,NA,ATTIR16T3A,DNA,yes,0.7153931339977851
araTha,Reference (Garlic),79699804,79700577,DNA,Helitron,ATREP10D,RC,yes,0.9664082687338501
araTha,Reference (Garlic),79705289,79708448,DNA,Helitron,ATREP10D,RC,yes,0.839873417721519
araTha,Reference (Garlic),79898996,79899693,LTR,Copia,ROMANIAT5,LTR,yes,0.13753581661891118
araTha,Reference (Garlic),79900826,79903099,LTR,Gypsy,ATGP8LTR,LTR,yes,0.6033421284080914
araTha,Reference (Garlic),79972282,79973278,DNA,MULE-MuDR,MuDR-5_ALy,DNA,yes,0.22066198595787362
araTha,Reference (Garlic),80203012,80207310,LTR,Gypsy,Athila2_LTR,LTR,yes,0.5917655268667132
araTha,Reference (Garlic),80215941,80216282,DNA,NA,ATREP18,DNA,yes,0.3362573099415205
araTha,Reference (Garlic),80228238,80228751,LTR,Gypsy,Athila4_I,LTR,yes,0.20233463035019456
araTha,Reference (Garlic),80351382,80352344,DNA,MULE-MuDR,ArnoldY2,DNA,yes,0.8795430944963655
araTha,Reference (Garlic),80358651,80362316,DNA,Helitron,HelitronY1D,RC,yes,0.972176759410802
araTha,Reference (Garlic),80446962,80454383,LTR,Gypsy,Athila3_I,LTR,yes,0.5572621934788466
araTha,Reference (Garlic),80456046,80459953,LTR,Gypsy,Athila3_LTR,LTR,yes,0.6187308085977482
araTha,Reference (Garlic),80540238,80542642,LTR,Gypsy,Athila4D_LTR,LTR,yes,0.669022869022869
araTha,Reference (Garlic),80581500,80585219,LTR,Gypsy,Athila4_I,LTR,yes,0.899731182795699
araTha,Reference (Garlic),80589767,80601199,LTR,Gypsy,ATGP1-I,LTR,yes,0.6184728417738127
araTha,Reference (Garlic),80659351,80668642,LTR,Gypsy,Athila4A_I,LTR,yes,0.7758286698235041
araTha,Reference (Garlic),80732696,80733861,DNA,Helitron,ATREPX1,RC,yes,0.30017152658662094
araTha,Reference (Garlic),80771750,80773316,DNA,MULE-MuDR,ArnoldY2,DNA,yes,0.27058072750478623
araTha,Reference (Garlic),80774926,80779561,DNA,Helitron,HelitronY3,RC,yes,0.2754529767040552
araTha,Reference (Garlic),80837123,80838636,DNA,MULE-MuDR,ATDNAI27T9A,DNA,yes,0.09907529722589167
araTha,Reference (Garlic),80879353,80880900,DNA,MULE-MuDR,ATDNAI27T9A,DNA,yes,0.11886304909560723
araTha,Reference (Garlic),80990244,80991593,DNA,NA,ATREP18,DNA,yes,0.15333333333333332
araTha,Reference (Garlic),81044220,81044563,DNA,NA,ATREP18,DNA,yes,0.33430232558139533
araTha,Reference (Garlic),81060553,81062543,DNA,NA,ATREP18,DNA,yes,0.531893520843797
araTha,Reference (Garlic),81137653,81138071,DNA,NA,ATREP18,DNA,yes,0.45346062052505964
araTha,Reference (Garlic),81152631,81153144,LTR,Gypsy,Athila4_I,LTR,yes,0.20233463035019456
araTha,Reference (Garlic),81157247,81162110,LTR,Gypsy,Athila4D_LTR,LTR,yes,0.8040707236842105
araTha,Reference (Garlic),81200176,81203732,LTR,Gypsy,Athila4_LTR,LTR,yes,0.6553275231937026
araTha,Reference (Garlic),81231122,81235012,DNA,MULE-MuDR,MuDR-7_ALy,DNA,yes,0.7820611667951683
araTha,Reference (Garlic),81248904,81250180,DNA,NA,ATREP18,DNA,yes,0.884886452623336
araTha,Reference (Garlic),81267053,81270674,LTR,Gypsy,Athila4A_I,LTR,yes,0.6477084483710657
araTha,Reference (Garlic),81551997,81554802,DNA,MULE-MuDR,MuDR-N9_ALy,DNA,yes,0.5331432644333571
araTha,Reference (Garlic),81659225,81672982,LTR,Gypsy,ATHILA6C_I,LTR,yes,0.2192179095798808
araTha,Reference (Garlic),81784443,81791747,LTR,Gypsy,ATGP10_I,LTR,yes,0.45763175906913073
araTha,Reference (Garlic),81802601,81804116,LTR,Gypsy,Athila4C_LTR,LTR,yes,0.6470976253298153
araTha,Reference (Garlic),81818688,81821459,LTR,Gypsy,Athila3_LTR,LTR,yes,0.4213564213564214
araTha,Reference (Garlic),81957972,81958315,DNA,NA,ATREP18,DNA,yes,0.5784883720930233
araTha,Reference (Garlic),82016755,82018513,LTR,Gypsy,Gypsy-33_ALY-LTR,LTR,yes,0.6986924388857305
araTha,Reference (Garlic),82079865,82081819,LTR,Gypsy,Gypsy-8_ALY-I,LTR,yes,0.04757033248081841
araTha,Reference (Garlic),82106222,82106824,DNA,NA,ATREP18,DNA,yes,0.6766169154228856
araTha,Reference (Garlic),82435841,82440075,LTR,Gypsy,Athila4_I,LTR,yes,0.5768595041322314
araTha,Reference (Garlic),82584625,82586456,DNA,NA,ATREP18,DNA,yes,0.8793668122270742
araTha,Reference (Garlic),82671762,82675986,LINE,L1,L1-16_ALy,LINE,yes,0.7166863905325443
araTha,Reference (Garlic),83018951,83023704,LTR,Gypsy,Athila4C_LTR,LTR,yes,0.7639882204459403
araTha,Reference (Garlic),83047986,83051208,LTR,Gypsy,Atlantys2_I,LTR,yes,0.13496742165684145
araTha,Reference (Garlic),83130174,83130777,DNA,NA,ATREP18,DNA,yes,0.6738410596026491
araTha,Reference (Garlic),83250562,83254134,DNA,NA,ATREP18,DNA,yes,0.653232577665827
araTha,Reference (Garlic),83544578,83551437,LTR,Gypsy,Athila4_I,LTR,yes,0.7495626822157434
araTha,Reference (Garlic),83654169,83660086,LTR,Gypsy,ATGP11_LTR,LTR,yes,0.8881378844204123
araTha,Reference (Garlic),83719496,83728424,LTR,Gypsy,Athila4A_LTR,LTR,yes,0.9525142793145929
araTha,Reference (Garlic),83895548,83900006,LTR,Gypsy,Athila3_LTR,LTR,yes,0.6658443597219107
araTha,Reference (Garlic),83900981,83904144,LTR,Copia,Copia-39_ALY-I,LTR,yes,0.9083438685208597
araTha,Reference (Garlic),83963416,83964568,DNA,NA,ATREP18,DNA,yes,0.8386816999132697
araTha,Reference (Garlic),84007401,84010924,DNA,Helitron,ATREP4,RC,yes,0.9313280363223609
araTha,Reference (Garlic),84034506,84037283,DNA,MULE-MuDR,Vandal21,DNA,yes,0.18682505399568033
araTha,Reference (Garlic),84137516,84141156,LTR,Gypsy,Athila4_I,LTR,yes,0.08569074430101621
araTha,Reference (Garlic),84170974,84172276,LTR,Copia,Copia-74_ALY-LTR,LTR,yes,0.7651573292402148
araTha,Reference (Garlic),84310370,84312377,LTR,Gypsy,Athila4D_LTR,LTR,yes,0.38745019920318724
araTha,Reference (Garlic),84440631,84442816,DNA,MULE-MuDR,Vandal3,DNA,yes,0.5096065873741995
araTha,Reference (Garlic),84522511,84523795,DNA,NA,ATREP18,DNA,yes,0.16186770428015565
araTha,Reference (Garlic),84644659,84650543,LTR,Gypsy,Atlantys2_LTR,LTR,yes,0.8696686491079014
araTha,Reference (Garlic),84685525,84687689,LTR,Copia,Copia-39_ALY-I,LTR,yes,0.8678983833718245
araTha,Reference (Garlic),84705257,84709042,LTR,Gypsy,Athila6A_LTR,LTR,yes,0.95932382461701
araTha,Reference (Garlic),84824384,84826036,LTR,Gypsy,Athila8B_I,LTR,yes,0.5692679975801573
araTha,Reference (Garlic),84834754,84843272,LTR,Gypsy,Athila4_I,LTR,yes,0.6498415306960911
araTha,Reference (Garlic),84949521,84950017,DNA,MULE-MuDR,MuDR-N5_ALy,DNA,yes,0.24949698189134809
araTha,Reference (Garlic),85177064,85178452,DNA,NA,ATREP18,DNA,yes,0.18718502519798416
araTha,Reference (Garlic),85255272,85256037,DNA,PIF-Harbinger,HARB-9_ALy,DNA,yes,0.7506527415143603
araTha,Reference (Garlic),85296745,85299379,LTR,Gypsy,Athila4D_LTR,LTR,yes,0.5502846299810247
araTha,Reference (Garlic),85322846,85324379,DNA,NA,ATREP18,DNA,yes,0.33572359843546284
araTha,Reference (Garlic),85354826,85356791,DNA,NA,ATREP18,DNA,yes,0.37029501525940994
araTha,Reference (Garlic),85387174,85390142,LTR,Gypsy,Athila_I,LTR,yes,0.44594139440889186
araTha,Reference (Garlic),85497443,85498038,DNA,NA,ATREP18,DNA,yes,0.3624161073825503
araTha,Reference (Garlic),85548621,85549267,DNA,NA,ATREP18,DNA,yes,0.7666151468315301
araTha,Reference (Garlic),85638438,85646044,LTR,Gypsy,Atlantys2_LTR,LTR,yes,0.8927303799132378
araTha,Reference (Garlic),85737962,85744440,LTR,Gypsy,Athila0_I,LTR,yes,0.7130730050933786
araTha,Reference (Garlic),86002474,86004458,DNA,Helitron,ATREP10A,RC,yes,0.5360201511335012
araTha,Reference (Garlic),86024203,86025143,DNA,Helitron,ATREP10D,RC,yes,0.4729011689691817
araTha,Reference (Garlic),86044370,86046712,DNA,MULE-MuDR,ArnoldY1,DNA,yes,0.16474605206999574
araTha,Reference (Garlic),86159556,86160245,DNA,NA,ATREP18,DNA,yes,0.5608695652173913
araTha,Reference (Garlic),86251351,86254653,LTR,Gypsy,Athila6B_I,LTR,yes,0.20859824402058735
araTha,Reference (Garlic),86277372,86279727,LTR,Gypsy,Athila3_LTR,LTR,yes,0.49575551782682514
araTha,Reference (Garlic),86281205,86291313,LTR,Gypsy,Athila3_LTR,LTR,yes,0.8361855772084281
araTha,Reference (Garlic),86464478,86467611,LTR,Gypsy,Athila4_I,LTR,yes,0.6263560944479898
araTha,Reference (Garlic),86533703,86543438,LTR,Gypsy,ATHILA6C_LTR,LTR,yes,0.8720213640098603
araTha,Reference (Garlic),86546867,86548755,LTR,Gypsy,Gypsy-33_ALY-LTR,LTR,yes,0.7215457914240339
araTha,Reference (Garlic),86564855,86577648,LTR,Gypsy,Athila6A_LTR,LTR,yes,0.8516492105674535
araTha,Reference (Garlic),86601109,86601385,DNA,NA,ATREP18,DNA,yes,0.47653429602888087
araTha,Reference (Garlic),86671302,86673422,DNA,MULE-MuDR,Vandal3,DNA,yes,0.4875058934464875
araTha,Reference (Garlic),86684681,86708512,LTR,Gypsy,Atlantys2_I,LTR,yes,0.6083836858006042
araTha,Reference (Garlic),86950896,86952549,DNA,Helitron,Helitron5,RC,yes,0.25755743651753327
araTha,Reference (Garlic),87009700,87012035,DNA,Helitron,ATREP3,RC,yes,0.7521404109589042
araTha,Reference (Garlic),87389196,87391943,DNA,MULE-MuDR,MuDR-N11_ALy,DNA,yes,0.8264192139737991
araTha,Reference (Garlic),87520427,87533660,LTR,Gypsy,Athila0_I,LTR,yes,0.23583194801269458
araTha,Reference (Garlic),87741560,87743387,DNA,NA,ATREP18,DNA,yes,0.8812910284463895
araTha,Reference (Garlic),87833439,87838216,LTR,Gypsy,Athila4_LTR,LTR,yes,0.9767685223943072
araTha,Reference (Garlic),88020438,88023400,DNA,Helitron,ATREP10D,RC,yes,0.8292271346608168
araTha,Reference (Garlic),88036211,88036634,DNA,NA,ATREP18,DNA,yes,0.535377358490566
araTha,Reference (Garlic),88293633,88294039,DNA,Helitron,HelitronY3,RC,yes,0.4864864864864865
araTha,Reference (Garlic),88352039,88352451,DNA,NA,ATREP18,DNA,yes,0.5230024213075061
araTha,Reference (Garlic),88372918,88374749,DNA,NA,ATREP18,DNA,yes,0.8793668122270742
araTha,Reference (Garlic),88399858,88400346,LTR,Gypsy,Athila4D_LTR,LTR,yes,0.6298568507157464
araTha,Reference (Garlic),88413765,88414295,DNA,NA,ATREP18,DNA,yes,0.7231638418079096
araTha,Reference (Garlic),88513332,88514963,DNA,NA,ATREP18,DNA,yes,0.30637254901960786
araTha,Reference (Garlic),88564217,88566125,DNA,MULE-MuDR,ArnoldY2,DNA,yes,0.29177579884756416
araTha,Reference (Garlic),88695408,88708249,LTR,Gypsy,Athila3_LTR,LTR,yes,0.8924622332969943
araTha,Reference (Garlic),88829880,88833914,DNA,MULE-MuDR,ArnoldY1,DNA,yes,0.6480793060718711
araTha,Reference (Garlic),88862726,88865544,LINE,L1,L1-16_ALy,LINE,yes,0.6413621851720468
araTha,Reference (Garlic),88942676,88943264,DNA,NA,ATREP18,DNA,yes,0.3870967741935484
araTha,Reference (Garlic),88962674,88963050,LTR,Gypsy,Athila8B_I,LTR,yes,0.8779840848806366
araTha,Reference (Garlic),89070358,89070833,DNA,NA,ATREP18,DNA,yes,0.6554621848739496
araTha,Reference (Garlic),89131447,89131950,DNA,MULE-MuDR,MuDR-N18_ALy,DNA,yes,0.5396825396825397
araTha,Reference (Garlic),89140120,89140536,DNA,NA,ATREP18,DNA,yes,0.4556354916067146
araTha,Reference (Garlic),89157377,89159133,DNA,NA,ATREP18,DNA,yes,0.421172453044963
araTha,Reference (Garlic),89239498,89239822,DNA,NA,ATREP18,DNA,yes,0.64
araTha,Reference (Garlic),89543088,89546982,DNA,MULE-MuDR,Vandal21,DNA,yes,0.7324775353016688
araTha,Reference (Garlic),89553663,89555061,DNA,MULE-MuDR,ATMU13,DNA,yes,0.4174410293066476
araTha,Reference (Garlic),89637391,89643504,LTR,Copia,ATCopia95_I,LTR,yes,0.7255479228001308
araTha,Reference (Garlic),89835633,89839038,LTR,Gypsy,Athila3_LTR,LTR,yes,0.5176159718144451
araTha,Reference (Garlic),89976924,89983632,LTR,Gypsy,ATHILA6C_I,LTR,yes,0.7627068117454167
araTha,Reference (Garlic),90061954,90065874,DNA,Helitron,ATREP3,RC,yes,0.4626370823769447
araTha,Reference (Garlic),90184298,90185272,DNA,Helitron,Helitron-N5_ALy,RC,yes,0.5692307692307692
araTha,Reference (Garlic),90234759,90238032,LTR,Gypsy,Athila_LTR,LTR,yes,0.5650580329871716
araTha,Reference (Garlic),90277885,90280155,LTR,Gypsy,Athila4A_I,LTR,yes,0.09951563188022898
araTha,Reference (Garlic),90376857,90378117,LTR,Gypsy,Athila4A_I,LTR,yes,0.14908802537668517
araTha,Reference (Garlic),90495013,90496072,DNA,MULE-MuDR,MuDR-N5_ALy,DNA,yes,0.6386792452830189
araTha,Reference (Garlic),90537571,90539630,DNA,NA,ATREP18,DNA,yes,0.4320388349514563
araTha,Reference (Garlic),90655065,90669984,LTR,Gypsy,Gypsy-33_ALY-I,LTR,yes,0.42412868632707773
araTha,Reference (Garlic),90678310,90680872,LTR,Gypsy,Athila3_LTR,LTR,yes,0.4557159578618806
araTha,Reference (Garlic),90724504,90726356,LINE,L1,L1-16_ALy,LINE,yes,0.7911494873178629
araTha,Reference (Garlic),90910596,90912760,LTR,Gypsy,Athila8ALTR,LTR,yes,0.22771362586605082
araTha,Reference (Garlic),91240811,91241220,DNA,NA,ATREP18,DNA,yes,0.6414634146341464
araTha,Reference (Garlic),91285332,91286816,DNA,NA,ATREP18,DNA,yes,0.362962962962963
araTha,Reference (Garlic),91351255,91353091,DNA,NA,ATREP18,DNA,yes,0.1698421339139902
araTha,Reference (Garlic),91479900,91480813,LTR,Gypsy,Atlantys3_LTR,LTR,yes,0.513129102844639
araTha,Reference (Garlic),91550295,91551206,LTR,Gypsy,Atlantys3_LTR,LTR,yes,0.5120614035087719
araTha,Reference (Garlic),91709503,91710277,DNA,NA,ATREP18,DNA,yes,0.7716129032258064
araTha,Reference (Garlic),91760683,91762189,DNA,NA,ATREP18,DNA,yes,0.20039814200398143
araTha,Reference (Garlic),91809114,91810223,LTR,Gypsy,Athila4A_I,LTR,yes,0.3747747747747748
araTha,Reference (Garlic),91905048,91907568,LTR,Gypsy,Athila4D_LTR,LTR,yes,0.9984133280444268
araTha,Reference (Garlic),91935946,91944645,LINE,L1,L1-13_ALy,LINE,yes,0.306551724137931
araTha,Reference (Garlic),91993719,92005505,LTR,Gypsy,Athila0_I,LTR,yes,0.13370662594383642
araTha,Reference (Garlic),92126521,92127076,DNA,NA,ATREP18,DNA,yes,0.5071942446043165
araTha,Reference (Garlic),92150733,92153603,DNA,Helitron,ATREP3,RC,yes,0.58098223615465
araTha,Reference (Garlic),92296352,92297371,DNA,MULE-MuDR,MuDR-7_ALy,DNA,yes,0.6627450980392157
araTha,Reference (Garlic),92359438,92360226,DNA,Helitron,Helitron-N5_ALy,RC,yes,0.6096324461343473
araTha,Reference (Garlic),92477003,92484822,LINE,L1,L1-13_ALy,LINE,yes,0.7025575447570332
araTha,Reference (Garlic),92485891,92488573,LTR,Gypsy,Athila8B_I,LTR,yes,0.18486768542676107
araTha,Reference (Garlic),92539802,92546478,LTR,Gypsy,Athila4C_LTR,LTR,yes,0.8253706754530478
araTha,Reference (Garlic),92780812,92781454,DNA,NA,ATREP18,DNA,yes,0.5754276827371695
araTha,Reference (Garlic),92906719,92907187,LTR,Gypsy,Athila4C_I,LTR,yes,0.4093816631130064
araTha,Reference (Garlic),92977199,92980556,DNA,NA,ATREP18,DNA,yes,0.6566408576533651
araTha,Reference (Garlic),92996095,92997477,DNA,Helitron,ATREP20,RC,yes,0.45408532176428057
araTha,Reference (Garlic),93050877,93052752,DNA,NA,ATREP18,DNA,yes,0.3699360341151386
araTha,Reference (Garlic),93107055,93108595,DNA,NA,ATREP18,DNA,yes,0.33874107722258273
araTha,Reference (Garlic),93123501,93126717,LTR,Gypsy,Athila4_LTR,LTR,yes,0.7245881255828411
araTha,Reference (Garlic),93251282,93256578,LTR,Gypsy,ATGP10_I,LTR,yes,0.9860298282046441
araTha,Reference (Garlic),93311517,93313197,LTR,Gypsy,ATGP8LTR,LTR,yes,0.4634146341463415
araTha,Reference (Garlic),93358577,93374142,LTR,Gypsy,Athila3_LTR,LTR,yes,0.8980470255685469
araTha,Reference (Garlic),93378392,93378811,DNA,NA,ATREP18,DNA,yes,0.7428571428571429
araTha,Reference (Garlic),93534028,93534922,DNA,NA,ATREP18,DNA,yes,0.6893854748603352
araTha,Reference (Garlic),93732607,93737143,LTR,Gypsy,Athila4A_I,LTR,yes,0.37183160678862687
araTha,Reference (Garlic),93812533,93812876,DNA,NA,ATREP18,DNA,yes,0.33430232558139533
araTha,Reference (Garlic),93817649,93819582,DNA,NA,ATREP18,DNA,yes,0.38883143743536713
araTha,Reference (Garlic),94087324,94089092,DNA,MULE-MuDR,ATDNA2T9C,DNA,yes,0.19446014697569247
araTha,Reference (Garlic),94382001,94385123,LTR,Gypsy,Athila4_I,LTR,yes,0.4261927633685559
araTha,Reference (Garlic),94455791,94457320,DNA,hAT-Ac,HATN5_ALy,DNA,yes,0.677124183006536
araTha,Reference (Garlic),94502276,94502985,DNA,NA,ATREP18,DNA,yes,0.7225352112676057
araTha,Reference (Garlic),94553175,94553655,DNA,NA,ATREP18,DNA,yes,0.43243243243243246
araTha,Reference (Garlic),94586686,94589041,LINE,L1,ATLINE1_12,LINE,yes,0.3157894736842105
araTha,Reference (Garlic),94604622,94605084,DNA,NA,ATREP18,DNA,yes,0.6825053995680346
araTha,Reference (Garlic),94615739,94618217,LTR,Gypsy,Gypsy-33_ALY-LTR,LTR,yes,0.7878176684146834
araTha,Reference (Garlic),94748134,94749927,DNA,PIF-Harbinger,HARB-N1_ALy,DNA,yes,0.1616499442586399
araTha,Reference (Garlic),94945648,94953671,LINE,L1,L1-14_ALy,LINE,yes,0.40715353938185445
araTha,Reference (Garlic),95005983,95006786,DNA,Helitron,ATREP10D,RC,yes,0.38308457711442784
araTha,Reference (Garlic),95136997,95140151,LTR,Gypsy,Athila4A_LTR,LTR,yes,0.6269413629160063
araTha,Reference (Garlic),95491080,95494419,LTR,Gypsy,Athila4A_I,LTR,yes,0.38772455089820357
araTha,Reference (Garlic),95559497,95560187,DNA,NA,ATREP18,DNA,yes,0.45007235890014474
araTha,Reference (Garlic),95583265,95598752,LTR,Gypsy,Athila6A_LTR,LTR,yes,0.9662319214876033
araTha,Reference (Garlic),95737395,95739345,LINE,L1,L1-16_ALy,LINE,yes,0.8016401845207586
araTha,Reference (Garlic),95782314,95782747,DNA,NA,ATREP18,DNA,yes,0.4769585253456221
araTha,Reference (Garlic),95923009,95937996,LTR,Gypsy,Athila3_LTR,LTR,yes,0.9436882839605018
araTha,Reference (Garlic),95999228,96000645,DNA,NA,ATREP18,DNA,yes,0.20380818053596614
araTha,Reference (Garlic),96027684,96028175,DNA,Helitron,ATREP10D,RC,yes,0.9878048780487805
araTha,Reference (Garlic),96060761,96062308,DNA,NA,ATREP18,DNA,yes,0.3417312661498708
araTha,Reference (Garlic),96064761,96066408,LINE,L1,ATLINE1_11,LINE,yes,0.3725728155339806
araTha,Reference (Garlic),96209760,96213408,DNA,Helitron,ATREP3,RC,yes,0.7983009043573582
araTha,Reference (Garlic),96414576,96415550,DNA,Helitron,Helitron-N5_ALy,RC,yes,0.5692307692307692
araTha,Reference (Garlic),96516224,96517677,LTR,Gypsy,Athila4C_I,LTR,yes,0.27785419532324623
araTha,Reference (Garlic),96559245,96562410,LTR,Gypsy,Athila4A_I,LTR,yes,0.8973468098547063
araTha,Reference (Garlic),96669406,96672978,LTR,Gypsy,Athila_LTR,LTR,yes,0.5765463196193675
araTha,Reference (Garlic),96673422,96676382,LTR,Gypsy,Athila_LTR,LTR,yes,0.5231340763255656
araTha,Reference (Garlic),96676416,96680606,LTR,Gypsy,Gypsy-24_ALY-LTR,LTR,yes,0.9172035313767597
araTha,Reference (Garlic),96720892,96722181,DNA,Helitron,ATREP11,RC,yes,0.29069767441860467
araTha,Reference (Garlic),96740310,96740952,DNA,NA,ATREP18,DNA,yes,0.5754276827371695
araTha,Reference (Garlic),96780656,96811835,LTR,Gypsy,Athila4A_I,LTR,yes,0.9804041051956383
araTha,Reference (Garlic),96907983,96909944,DNA,Helitron,ATREP10A,RC,yes,0.2558613659531091
araTha,Reference (Garlic),97180279,97182281,DNA,MULE-MuDR,ATDNA2T9C,DNA,yes,0.30853719420868697
araTha,Reference (Garlic),97234746,97235618,DNA,CMC-EnSpm,ATENSPM1,DNA,yes,0.30584192439862545
araTha,Reference (Garlic),97238513,97249652,LTR,Gypsy,Athila4A_I,LTR,yes,0.8551166965888689
araTha,Reference (Garlic),97338046,97342959,LTR,Gypsy,Athila4B_LTR,LTR,yes,0.7551892551892552
araTha,Reference (Garlic),97389919,97393410,LTR,Gypsy,Gypsy-33_ALY-LTR,LTR,yes,0.8508018327605956
araTha,Reference (Garlic),97536799,97538658,DNA,MULE-MuDR,ArnoldY2,DNA,yes,0.3688172043010753
araTha,Reference (Garlic),97740806,97743895,LINE,L1,L1-7_ALy,LINE,yes,0.19514563106796118
araTha,Reference (Garlic),97763604,97765876,DNA,MULE-MuDR,MuDR-N12_ALy,DNA,yes,0.5310162780466344
araTha,Reference (Garlic),97834453,97838353,LTR,Gypsy,Atlantys2_LTR,LTR,yes,0.8033837477569854
araTha,Reference (Garlic),98042700,98043108,DNA,MULE-MuDR,TNAT1A,DNA,yes,0.15647921760391198
araTha,Reference (Garlic),98116409,98125539,DNA,MULE-MuDR,MuDR-N1_ALy,DNA,yes,0.8916876574307305
araTha,Reference (Garlic),98130038,98131549,DNA,MULE-MuDR,MuDR-N3_ALy,DNA,yes,0.3392857142857143
araTha,Reference (Garlic),98165358,98167809,DNA,NA,ATREP18,DNA,yes,0.5497553017944535
araTha,Reference (Garlic),98291528,98294401,LTR,Gypsy,Athila4D_LTR,LTR,yes,0.8903966597077244
araTha,Reference (Garlic),98336474,98338235,DNA,NA,ATREP18,DNA,yes,0.38819523269012485
araTha,Reference (Garlic),98384089,98386318,DNA,Helitron,ATREP4,RC,yes,0.3008968609865471
araTha,Reference (Garlic),98486919,98487721,DNA,NA,ATREP18,DNA,yes,0.7471980074719801
araTha,Reference (Garlic),98530827,98532488,DNA,Helitron,ATREP4,RC,yes,0.1588447653429603
araTha,Reference (Garlic),98593904,98595528,DNA,NA,ATREP18,DNA,yes,0.28
araTha,Reference (Garlic),98836702,98838496,DNA,MULE-MuDR,ATDNA2T9C,DNA,yes,0.20612813370473537
araTha,Reference (Garlic),98984411,98984771,DNA,NA,ATREP18,DNA,yes,0.3656509695290859
araTha,Reference (Garlic),99166846,99170062,LTR,Gypsy,Athila4_LTR,LTR,yes,0.7245881255828411
araTha,Reference (Garlic),99209915,99211882,LTR,Gypsy,Athila3_LTR,LTR,yes,0.2525406504065041
araTha,Reference (Garlic),99456079,99458417,DNA,NA,ATREP18,DNA,yes,0.8995297135528003
araTha,Reference (Garlic),99655976,99658984,LTR,Gypsy,Athila_LTR,LTR,yes,0.5267530741110004
araTha,Reference (Garlic),99659046,99662608,LTR,Gypsy,Athila3_LTR,LTR,yes,0.604546730283469
